Licensee,Address,City,State,Zip, Medical Sales , Adult-Use Sales , Total Sales 
APOGEE THERAPEUTICS LLC - RETAIL,1769 Victory Ln,Sunland Park,NM,88063," $ 1,864.94 "," $ 35,530.09 "," $ 37,395.03 "
AREA 54 DISPENSARY LLC- ANGELINA BLVD RETAIL,764 Angelina blvd,Chaparral,NM,88081," $ 4,455.88 "," $ 29,842.33 "," $ 34,298.21 "
ASTRO BUDS LLC - APPALOOSA DRIVE CONSUMPTION / RETAIL,1650 Appaloosa Drive,Sunland Park,NM,88063," $ 13,740.53 "," $ 238,114.14 "," $ 251,854.67 "
ASTRO BUDS LLC - MCCOMBS RD RETAIL,308 McCombs Rd Spc 2,Chaparral,NM,88081," $ 5,637.83 "," $ 122,001.74 "," $ 127,639.57 "
BESOS LLC/ RETAIL FUTURITY DR,1805 Futurity Dr,Sunland Park,NM,88603, $ 653.61 ," $ 28,309.73 "," $ 28,963.34 "
BLUE WHALE SUNLAND - APPALOOSA ST RETAIL,1500 Appaloosa St Suite B,Sunland Park,NM,88063," $ 41,355.65 "," $ 659,587.68 "," $ 700,943.33 "
"CHADCOR HOLDINGS NM, LLC",1615 Appaloosa Dr,Sunland Park,NM,88063," $ 36,352.71 "," $ 978,961.75 "," $ 1,015,314.46 "
CHADCOR HOLDINGS NM- RETAIL, 1621 Appaloosa Dr,Sunland Park,NM,88063," $ 14,470.45 "," $ 314,282.47 "," $ 328,752.92 "
COUTH FARMS LLC - ANTHONY DR RETAIL,132 Anthony Dr,Anthony,NM,88021, $ 544.56 ," $ 11,261.47 "," $ 11,806.03 "
DIABLO BUDS GROW 1 LLC - APPALOOSA STE 6,1925 Appaloosa Ste 6,Sunland Park,NM,88063, $ 202.84 ," $ 13,558.50 "," $ 13,761.34 "
DISPENSARY NEAR ME SUNLAND PARK LLC- MCNUTT RETAIL/CONSUMPTION,1290 McNutt Rd,Sunland Park,NM,88063," $ 3,077.84 "," $ 76,506.41 "," $ 79,584.25 "
DISTRICT 2 LLC - RILEY WAY RETAILER,1245 Riley Way,Chaparral,NM,88081, $ 98.70 ," $ 5,640.55 "," $ 5,739.25 "
ELEVATED SOCIETY LLC/ RETAIL APPALOOSA DR,1920 Appaloosa Dr,Sunland Park,NM,88063, $ 806.95 ," $ 20,140.12 "," $ 20,947.07 "
FIELDS OF DREAMS - SUNLAND PARK RETAIL,159 Sunland Park Dr,Sunland Park,NM,88063," $ 13,043.59 "," $ 1,185,734.09 "," $ 1,198,777.68 "
FRESHIES LLC/ RETAIL MCNUTT RD,5325 McNutt Rd,Santa Teresa,NM,88008," $ 4,446.15 "," $ 49,725.45 "," $ 54,171.60 "
GARDEN OF DREAMS CANNABIS LLC,5300 Mcnutt Rd,Santa Teresa,NM,88008," $ 1,681.01 "," $ 31,753.41 "," $ 33,434.42 "
"GREEN THERAPY DISPENSARY, LLC","460 County Line Drive, Space F",Chaparral,NM,88081," $ 32,418.00 "," $ 606,010.93 "," $ 638,428.93 "
GROTH INDUSTRIES LLC - SCHNEBERGER DR RETIAL,140 Schneberger Dr,Chaparral,NM,88081," $ 2,325.63 "," $ 30,090.47 "," $ 32,416.10 "
HEAVENLY SCENT - ANTHONY DR - RETAIL,138 Anthony Dr.,Anthony,NM,88021," $ 2,345.88 "," $ 24,935.81 "," $ 27,281.69 "
HI LIFE DISPENSARY LLC - MCNUTT RD - RETAIL,5620 McNutt Rd,Santa Teresa,NM,88008," $ 15,156.12 "," $ 65,372.86 "," $ 80,528.98 "
HOUSE OF FLOWERS ON THE BORDER LLC - RETAIL,1042 State Line,Chapparal,NM,88081," $ 6,298.60 "," $ 98,748.69 "," $ 105,047.29 "
J AND J LOAN COMPANY- MCNUTT RETAIL,1144 McNutt,Sunland Park,NM,88063, $ 686.91 ," $ 38,303.49 "," $ 38,990.40 "
LEAFORO LLC- 5305 MCNUTT RETAIL,5305 McNutt Road,Santa Teresa,NM,88008, $ 109.77 ," $ 6,919.01 "," $ 7,028.78 "
MCMC - MILLER - RETAILER,103 Miller Street,Anthony,NM,88021," $ 2,441.02 "," $ 22,382.17 "," $ 24,823.19 "
NEBRO 2 LLC-  FUTURITY DRIVE RETAIL,1999 Futurity Drive,Sunland Park,NM,88063," $ 1,430.00 "," $ 59,684.10 "," $ 61,114.10 "
NEWBERRY FARMS LLC - MCNUTT RD. RETAIL,1845 McNutt Rd,Sunland Park,NM,88063, $ 357.00 ," $ 7,982.23 "," $ 8,339.23 "
NEW MEXICO TOP ORGANICS ULTRA HEALTH INC  SUNLAND PARK RETAIL,1155 McNutt Road,Sunland Park,NM,88063," $ 4,942.60 "," $ 20,948.29 "," $ 25,890.89 "
NRG LYFT LLC,875 McNutt Rd.,Sunland Park,NM,88063, $ 41.30 ," $ 6,601.25 "," $ 6,642.55 "
NUVES LLC - RANCH ROAD RETAIL,101 Maguey Suite 4,Sunland Park,NM,88063, $ 111.90 ," $ 17,203.97 "," $ 17,315.87 "
OBI WAN CANNABIS LLC,2167 McNutt Rd suite A,Sunland Park,NM,88063, $ 91.00 ," $ 16,675.93 "," $ 16,766.93 "
OLD GODS CANNABIS INC/ RETAIL APPALOOSA UNIT7,1541 Appaloosa Unit 7,Sunland Park,NM,88063," $ 3,509.03 "," $ 125,841.25 "," $ 129,350.28 "
PROHIBITION 37 - MCNUTT RD RETAIL,871 McNutt Rd,Sunland Park,NM,88063," $ 9,855.62 "," $ 93,130.28 "," $ 102,985.90 "
PSM LEGACY - MCCOMBS - RETAILER,170 MCCOMBS DR,Chaparral,NM,88081, $ 649.51 ," $ 21,109.03 "," $ 21,758.54 "
"RMC NM, INC - ANTHONY RETAIL",816 Anthony Dr,Anthony,NM,88021," $ 7,536.78 "," $ 44,566.19 "," $ 52,102.97 "
R R HEMPIRE LLC - MCCOMBS RETAIL,100 Mccombs,Chaparral,NM,88081, $ 286.91 ," $ 13,134.57 "," $ 13,421.48 "
SCORE 420 - APPALOOSA - RETAIL,1925 Appaloosa Dr,Sunland Park,NM,88063, $ 325.50 ," $ 7,641.93 "," $ 7,967.43 "
SCORE 420 - MCNUTT RETAIL,2355 McNutt Road,Sunland Park,NM,88063," $ 1,898.51 "," $ 26,028.58 "," $ 27,927.09 "
STATELINE CANNABIS NM LLC - ARCH ANGEL WAY RETAILER/CONSUMPTION,100 Arch Angel Way,Chaparral,NM,88081," $ 1,094.09 "," $ 224,042.98 "," $ 225,137.07 "
STATELINE CANNABIS NM LLC- STEPHANIE RETAIL,101 Stephanie,Chaparral,NM,88081," $ 1,733.23 "," $ 49,449.04 "," $ 51,182.27 "
SUNLAND MCNUTT GROUP LLC- MCNUTT RD RETAIL,1051 McNutt Rd,Sunland Park,NM,88063," $ 50,291.13 "," $ 1,291,272.17 "," $ 1,341,563.29 "
SUNSHINE ESSENTIALS/ANAPRA RD RETAIL,267 Anapra Rd,Sunland Park,NM,88063, $ 443.82 ," $ 3,829.45 "," $ 4,273.27 "
TOKE IT UP DISPENSARY AND LOUNGE LLC- FUTURITY DRIVE RETAIL,1999 Futurity Drive,Sunland Park,NM,88063, $ 955.49 ," $ 17,608.17 "," $ 18,563.66 "
TOP OF THE 8TH LLC - ANTHONY DRIVE RETAIL,401 Anthony Dr Ste B,Anthony,NM,88021," $ 10,411.13 "," $ 53,015.70 "," $ 63,426.83 "
URBAN WELLNESS - APPALOOSA DR RETAILER,1500 Appaloosa Dr Bldg A Ste 140,Sunland Park,NM,88063," $ 8,008.04 "," $ 94,149.31 "," $ 102,157.35 "
VIREO HEALTH OF LC - APPALOOSA - RETAILER,"1580 Appaloosa Dr., Suite 320",Sunland Park,NM,88063," $ 3,076.86 "," $ 64,166.91 "," $ 67,243.77 "
VIREO OF SANTA FE - APPALOOSA - RETAIL,"1541 Appaloosa Dr., Unit 2",Sunland Park,NM,88063," $ 3,179.00 "," $ 72,275.36 "," $ 75,454.36 "
,,,,," $ 314,443.62 "," $ 7,024,070.05 "," $ 7,338,513.66 "