Name, Total Sales , Adult-Use Sales , Medical Sales ,Address,City,State,Zip,Month,Year,
"CHADCOR HOLDINGS NM, LLC","$1,282,170.50","$1,234,842.56","$47,327.94",1615 Appaloosa Dr,Sunland Park,NM,88063,January,2025,
FIELDS OF DREAMS - SUNLAND PARK RETAIL,"$1,073,288.53","$1,068,040.26","$5,248.27",159 Sunland Park Dr,Sunland Park,NM,88063,January,2025,
BLUE WHALE SUNLAND - APPALOOSA ST RETAIL,"$716,126.10","$677,203.65","$38,922.45",1500 Appaloosa St Suite B,Sunland Park,NM,88063,January,2025,
SUNLAND MCNUTT GROUP LLC- MCNUTT RD RETAIL,"$478,791.89","$458,407.71","$20,384.17",1051 McNutt Rd,Sunland Park,NM,88063,January,2025,
"GREEN THERAPY DISPENSARY, LLC","$333,453.60","$312,325.55","$21,128.05","460 County Line Drive, Space F",Chaparral,NM,88081,January,2025,
ASTRO BUDS LLC - MCCOMBS RD RETAIL,"$208,438.24","$194,891.13","$13,547.11",308 McCombs Rd Spc 2,Chaparral,NM,88081,January,2025,
STATELINE CANNABIS NM LLC - ARCH ANGEL WAY RETAILER/CONSUMPTION,"$191,003.93","$188,511.94","$2,491.99",100 Arch Angel Way,Chaparral,NM,88081,January,2025,
PECOS VALLEY PRODUCTION INC - APPALOOSA DR RETAIL,"$184,318.51","$177,696.01","$6,622.50",1925 Appaloosa Dr,Sunland Park,NM,88063,January,2025,
"R GREENLEAF ORGANICS INC/ RETAIL APPALOOSA UNIT 1,2","$154,446.92","$146,646.92","$7,800.00","1541 Appaloosas Unit 1, 2, Crossing Offices",Sunland Park,NM,88063,January,2025,
"NEBRO, LLC","$134,707.41","$128,241.49","$6,465.92",1999 Futurity Drive Unit A,Sunland Park,NM,88063,January,2025,
PROHIBITION 37 - MCNUTT RD RETAIL,"$127,265.83","$113,906.38","$13,359.46",871 McNutt Rd,Sunland Park,NM,88063,January,2025,
OLD GODS CANNABIS INC/ RETAIL APPALOOSA UNIT7,"$118,386.02","$115,481.02","$2,905.00",1541 Appaloosa Unit 7,Sunland Park,NM,88063,January,2025,
ANIMACANN INC - APPALOOSA DR RETAIL,"$101,226.07","$98,868.08","$2,357.99",1500 Appaloosa Dr Bldg A Ste 140,Sunland Park,NM,88063,January,2025,
EVEREST APOTHECARY,"$94,680.70","$91,586.25","$3,094.45",1580 Appaloosa Dr Ste 320,Sunland Park,NM,88063,January,2025,
"RMC NM, INC - ANTHONY RETAIL","$91,870.51","$81,779.11","$10,091.40",138 Anthony Dr,Anthony,NM,88021,January,2025,
BESOS LLC/ RETAIL FUTURITY DR,"$76,313.57","$74,077.71","$2,235.86",1805 Futurity Dr,Sunland Park,NM,88603,January,2025,
"ROUND HOUSE RESERVE, LLC - MCNUTT DR RETAIL","$71,418.89","$66,057.71","$5,361.18",1165 McNutt Dr Unit C5,Sunland Park,NM,88063,January,2025,
MEDD LLC - PALOMA BLANCA RETAIL,"$66,705.80","$62,882.92","$3,822.88",170 McCombs,Chaparral,NM,88081,January,2025,
NEW MEXICO TOP ORGANICS ULTRA HEALTH INC  SUNLAND PARK RETAIL,"$56,839.86","$47,003.25","$9,836.61",1155 McNutt Road,Sunland Park,NM,88063,January,2025,
SCORE 420 - MCNUTT RETAIL,"$54,800.35","$50,215.49","$4,584.86",2355 McNutt Road,Sunland Park,NM,88063,January,2025,
TOP OF THE 8TH LLC - RETAIL,"$54,692.68","$45,339.43","$9,353.25",1275 Anthony Dr Ste C7,Anthony,NM,88021,January,2025,
HI LIFE DISPENSARY LLC - MCNUTT RD - RETAIL,"$54,304.53","$50,434.31","$3,870.22",5620 McNutt Rd,Santa Teresa,NM,88008,January,2025,
HHNM CHAPARRAL 1 COMPANY- S. COUNTY LINE RETAIL,"$50,139.22","$43,901.37","$6,237.85",545 S. County Line,Chaparral,NM,88081,January,2025,
HOUSE OF FLOWERS ON THE BORDER LLC - RETAIL,"$47,039.93","$44,865.03","$2,174.90",1042 State Line,Chapparal,NM,88081,January,2025,
TEN 10 PROJECT LLC- APPOLOOSA DR RETAIL,"$42,171.44","$41,984.78",$186.66,1925 Appoloosa Dr,Sunland Park,NM,88063,January,2025,
FLORA VERDE LLC - MAGUEY CT RETAIL,"$40,545.98","$38,457.81","$2,088.17",100 Maguey Ct,Sunland Park,NM,88063,January,2025,
DISPENSARY NEAR ME SUNLAND PARK LLC- MCNUTT RETAIL,"$38,702.00","$36,464.00","$2,238.00",1290 McNutt Rd,Sunland Park,NM,88063,January,2025,
FRESHIES LLC/ RETAIL MCNUTT RD,"$36,666.62","$31,873.98","$4,792.64",5325 McNutt Rd,Santa Teresa,NM,88008,January,2025,
GANJIKA GARDENS LLC/ RETAIL RILEY WAY,"$34,972.26","$33,136.58","$1,835.68",1245 Riley Way,Chaparral,NM,88081,January,2025,
OBI WAN CANNABIS LLC,"$34,634.14","$33,432.04","$1,202.10",2167 McNutt Rd suite A,Sunland Park,NM,88063,January,2025,
GARDEN OF DREAMS CANNABIS LLC,"$28,933.56","$27,033.93","$1,899.63",5300 Mcnutt Rd,Santa Teresa,NM,88008,January,2025,
NUVES LLC - RANCH ROAD RETAIL,"$27,323.53","$26,819.34",$504.19,101 Maguey Suite 4,Sunland Park,NM,88063,January,2025,
RH AND MC LLC - MILLER ST RETAIL,"$27,158.31","$22,534.72","$4,623.59",103 Miller St,Anthony,NM,88021,January,2025,
THE GREEN MATRIX - S HIGHWAY 28 RETAIL,"$24,967.55","$21,795.05","$3,172.50",3100 S Highway 28,Anthony,NM,88021,January,2025,
"KUSHOLOGY 101 LLC - OHARA RD, RETAIL","$24,523.39","$22,602.53","$1,920.86",1600 E OHara Rd,Anthony,NM,88021,January,2025,
J AND J LOAN COMPANY- MCNUTT RETAIL,"$23,531.46","$23,531.46",,1144 McNutt,Sunland Park,NM,88063,January,2025,
ST CANAPA LLC - MCNUTT RD RETAIL,"$23,218.02","$22,966.72",$251.30,5305 McNutt Rd,Santa Teresa,NM,88008,January,2025,
SEVEN NINE GROW LLC - EL PASEO DR RETAIL,"$21,459.89","$18,986.83","$2,473.06",305 S County Line Rd,Chaparral,NM,88081,January,2025,
NEWBERRY FARMS LLC - MCNUTT RD. RETAIL,"$17,686.09","$17,419.61",$266.48,1845 McNutt Rd,Sunland Park,NM,88063,January,2025,
CARDIEL BOTANICA LTD CO - MCNUTT RD RETAIL,"$17,490.83","$15,851.56","$1,639.27",1685 McNutt,Sunland Park,NM,88063,January,2025,
R R HEMPIRE LLC - ANGELINA BLVD RETAIL,"$13,646.84","$13,532.33",$114.51,101 Angelina Blvd,Chaparral,NM,88081,January,2025,
ERB HOLDINGS/ RETAIL OHARA ROAD,"$12,517.94","$11,309.96","$1,207.98",1400 E Ohara Road,Anthony,NM,88021,January,2025,
HHNM SUNLAND PARK 1 COMPANY- MCNUTT RD. STE. D RETAIL,"$12,318.22","$11,222.17","$1,096.05",1290 McNutt Rd. Ste. D,Sunland Park,NM,88063,January,2025,
GREENGO NM - ANTHONY DR RETAIL,"$9,300.83","$7,703.81","$1,597.02",816 Anthony Dr,Anthony,NM,88021,January,2025,
GROTH INDUSTRIES LLC - SCHNEBERGER DR RETIAL,"$8,696.50","$7,452.30","$1,244.20",140 Schneberger Dr,Chaparral,NM,88081,January,2025,
YERBAVIVA LLC/ RETAIL MCNUTT STE D,"$6,570.82","$6,302.54",$268.28,2327 McNutt Ste D,Sunland Park,NM,88063,January,2025,
"GREEN LABS CANNABIS COMPANY, LLC- DERBY RD RETAIL","$4,337.33","$4,274.93",$62.40,245 Derby Rd,Sunland Park,NM,88063,January,2025,
HOUSE OF FLOWERS NM LLC - MAGEE DR RETAIL,"$3,895.04","$3,838.77",$56.27,101 Magee Dr.,Chaparral,NM,88081,January,2025,
SUNSHINE ESSENTIALS/ RETAIL MCNUTT,"$1,414.98","$1,199.43",$215.55,267 Anapra Rd,Sunland Park,NM,88063,January,2025,
Name, Total Sales , Adult-Use Sales , Medical Sales ,Address,City,State,Zip,,,
"CHADCOR HOLDINGS NM, LLC","$1,200,305.54","$1,152,292.87","$48,012.67",1615 Appaloosa Dr,Sunland Park,NM,88063,February,2025,
FIELDS OF DREAMS - SUNLAND PARK RETAIL,"$974,490.86","$969,002.25","$5,488.61",159 Sunland Park Dr,Sunland Park,NM,88063,February,2025,
BLUE WHALE SUNLAND - APPALOOSA ST RETAIL,"$669,899.21","$623,813.17","$46,086.04",1500 Appaloosa St Suite B,Sunland Park,NM,88063,February,2025,
SUNLAND MCNUTT GROUP LLC- MCNUTT RD RETAIL,"$543,605.10","$522,791.84","$20,813.26",1051 McNutt Rd,Sunland Park,NM,88063,February,2025,
"GREEN THERAPY DISPENSARY, LLC","$323,506.08","$302,648.05","$20,858.03","460 County Line Drive, Space F",Chaparral,NM,88081,February,2025,
ASTRO BUDS LLC - MCCOMBS RD RETAIL,"$212,917.46","$197,902.31","$15,015.15",308 McCombs Rd Spc 2,Chaparral,NM,88081,February,2025,
STATELINE CANNABIS NM LLC - ARCH ANGEL WAY RETAILER/CONSUMPTION,"$168,776.47","$166,919.33","$1,857.14",100 Arch Angel Way,Chaparral,NM,88081,February,2025,
PECOS VALLEY PRODUCTION INC - APPALOOSA DR RETAIL,"$143,847.59","$136,774.59","$7,073.00",1925 Appaloosa Dr,Sunland Park,NM,88063,February,2025,
"R GREENLEAF ORGANICS INC/ RETAIL APPALOOSA UNIT 1,2","$122,195.38","$115,974.59","$6,220.79","1541 Appaloosas Unit 1, 2, Crossing Offices",Sunland Park,NM,88063,February,2025,
"NEBRO, LLC","$101,355.82","$96,559.56","$4,796.26",1999 Futurity Drive Unit A,Sunland Park,NM,88063,February,2025,
OLD GODS CANNABIS INC/ RETAIL APPALOOSA UNIT7,"$96,530.20","$94,082.15","$2,448.05",1541 Appaloosa Unit 7,Sunland Park,NM,88063,February,2025,
PROHIBITION 37 - MCNUTT RD RETAIL,"$91,725.75","$80,962.38","$10,763.37",871 McNutt Rd,Sunland Park,NM,88063,February,2025,
"RMC NM, INC - ANTHONY RETAIL","$87,697.16","$75,285.00","$12,412.16",138 Anthony Dr,Anthony,NM,88021,February,2025,
EVEREST APOTHECARY,"$79,095.07","$75,307.94","$3,787.13",1580 Appaloosa Dr Ste 320,Sunland Park,NM,88063,February,2025,
ANIMACANN INC - APPALOOSA DR RETAIL,"$77,116.91","$75,063.55","$2,053.36",1500 Appaloosa Dr Bldg A Ste 140,Sunland Park,NM,88063,February,2025,
BESOS LLC/ RETAIL FUTURITY DR,"$65,807.98","$64,391.98","$1,416.00",1805 Futurity Dr,Sunland Park,NM,88603,February,2025,
MEDD LLC - PALOMA BLANCA RETAIL,"$60,283.75","$55,745.36","$4,538.39",170 McCombs,Chaparral,NM,88081,February,2025,
HOUSE OF FLOWERS ON THE BORDER LLC - RETAIL,"$54,427.02","$52,266.20","$2,160.82",1042 State Line,Chapparal,NM,88081,February,2025,
SCORE 420 - MCNUTT RETAIL,"$52,317.19","$48,044.95","$4,272.24",2355 McNutt Road,Sunland Park,NM,88063,February,2025,
NEW MEXICO TOP ORGANICS ULTRA HEALTH INC  SUNLAND PARK RETAIL,"$50,555.76","$41,934.30","$8,621.46",1155 McNutt Road,Sunland Park,NM,88063,February,2025,
"ROUND HOUSE RESERVE, LLC - MCNUTT DR RETAIL","$46,849.07","$40,766.01","$6,083.06",1165 McNutt Dr Unit C5,Sunland Park,NM,88063,February,2025,
HHNM CHAPARRAL 1 COMPANY- S. COUNTY LINE RETAIL,"$43,065.37","$35,862.57","$7,202.80",545 S. County Line,Chaparral,NM,88081,February,2025,
HI LIFE DISPENSARY LLC - MCNUTT RD - RETAIL,"$40,197.46","$37,531.63","$2,665.83",5620 McNutt Rd,Santa Teresa,NM,88008,February,2025,
DISPENSARY NEAR ME SUNLAND PARK LLC- MCNUTT RETAIL,"$36,615.93","$33,841.93","$2,774.00",1290 McNutt Rd,Sunland Park,NM,88063,February,2025,
FLORA VERDE LLC - MAGUEY CT RETAIL,"$35,880.78","$33,843.22","$2,037.56",100 Maguey Ct,Sunland Park,NM,88063,February,2025,
OBI WAN CANNABIS LLC,"$32,243.53","$31,153.26","$1,090.27",2167 McNutt Rd suite A,Sunland Park,NM,88063,February,2025,
FRESHIES LLC/ RETAIL MCNUTT RD,"$31,370.94","$26,840.59","$4,530.35",5325 McNutt Rd,Santa Teresa,NM,88008,February,2025,
TEN 10 PROJECT LLC- APPOLOOSA DR RETAIL,"$31,112.95","$30,908.77",$204.18,1925 Appoloosa Dr,Sunland Park,NM,88063,February,2025,
TOP OF THE 8TH LLC - ANTHONY DRIVE RETAIL,"$30,653.96","$24,244.13","$6,409.83",401 Anthony Dr Ste B,Anthony,NM,88021,February,2025,
"KUSHOLOGY 101 LLC - OHARA RD, RETAIL","$29,550.40","$27,860.76","$1,689.64",1600 E OHara Rd,Anthony,NM,88021,February,2025,
GANJIKA GARDENS LLC/ RETAIL RILEY WAY,"$29,219.34","$27,614.94","$1,604.40",1245 Riley Way,Chaparral,NM,88081,February,2025,
J AND J LOAN COMPANY- MCNUTT RETAIL,"$27,446.83","$27,446.83",,1144 McNutt,Sunland Park,NM,88063,February,2025,
GARDEN OF DREAMS CANNABIS LLC,"$27,087.41","$24,835.18","$2,252.23",5300 Mcnutt Rd,Santa Teresa,NM,88008,February,2025,
NUVES LLC - RANCH ROAD RETAIL,"$26,363.61","$25,703.05",$660.56,101 Maguey Suite 4,Sunland Park,NM,88063,February,2025,
RH AND MC LLC - MILLER ST RETAIL,"$24,828.65","$20,828.86","$3,999.79",103 Miller St,Anthony,NM,88021,February,2025,
THE GREEN MATRIX - S HIGHWAY 28 RETAIL,"$23,078.66","$21,389.66","$1,689.00",3100 S Highway 28,Anthony,NM,88021,February,2025,
ST CANAPA LLC - MCNUTT RD RETAIL,"$21,005.40","$20,184.84",$820.56,5305 McNutt Rd,Santa Teresa,NM,88008,February,2025,
"GREEN LABS CANNABIS COMPANY, LLC- DERBY RD RETAIL","$19,419.85","$19,352.27",$67.58,245 Derby Rd,Sunland Park,NM,88063,February,2025,
SEVEN NINE GROW LLC - EL PASEO DR RETAIL,"$18,383.56","$16,792.64","$1,590.92",305 S County Line Rd,Chaparral,NM,88081,February,2025,
TOP OF THE 8TH LLC - RETAIL,"$17,334.86","$13,643.11","$3,691.75",1275 Anthony Dr Ste C7,Anthony,NM,88021,February,2025,
NEWBERRY FARMS LLC - MCNUTT RD. RETAIL,"$14,767.14","$14,557.45",$209.69,1845 McNutt Rd,Sunland Park,NM,88063,February,2025,
CARDIEL BOTANICA LTD CO - MCNUTT RD RETAIL,"$10,684.35","$9,364.39","$1,319.96",1685 McNutt,Sunland Park,NM,88063,February,2025,
HHNM SUNLAND PARK 1 COMPANY- MCNUTT RD. STE. D RETAIL,"$10,313.80","$9,025.96","$1,287.84",1290 McNutt Rd. Ste. D,Sunland Park,NM,88063,February,2025,
ERB HOLDINGS/ RETAIL OHARA ROAD,"$10,224.50","$9,086.79","$1,137.71",1400 E Ohara Road,Anthony,NM,88021,February,2025,
R R HEMPIRE LLC - ANGELINA BLVD RETAIL,"$10,014.14","$9,703.34",$310.80,101 Angelina Blvd,Chaparral,NM,88081,February,2025,
GROTH INDUSTRIES LLC - SCHNEBERGER DR RETIAL,"$9,722.91","$7,954.44","$1,768.47",140 Schneberger Dr,Chaparral,NM,88081,February,2025,
GREENGO NM - ANTHONY DR RETAIL,"$9,354.94","$6,906.83","$2,448.11",816 Anthony Dr,Anthony,NM,88021,February,2025,
YERBAVIVA LLC/ RETAIL MCNUTT STE D,"$6,029.60","$5,695.52",$334.08,2327 McNutt Ste D,Sunland Park,NM,88063,February,2025,
SUNSHINE ESSENTIALS/ RETAIL MCNUTT,"$1,300.05","$1,270.48",$29.57,267 Anapra Rd,Sunland Park,NM,88063,February,2025,
Name, Total Sales , Medical Sales ,Adult-Use Sales,Address,City,State,Zip,Month,,
ANIMACANN INC - APPALOOSA DR RETAIL,"$100,865.23","$4,015.09","$96,850.14",1500 Appaloosa Dr Bldg A Ste 140,Sunland Park,NM,88063,March,2025,
APOGEE THERAPEUTICS LLC - RETAIL/CONSUMPTION,"$6,802.44","$2,258.88","$4,543.56",1769 Victory Ln,Sunland Park,NM,88063,March,2025,
ASTRO BUDS LLC - MCCOMBS RD RETAIL,"$215,590.08","$12,182.31","$203,407.77",308 McCombs Rd Spc 2,Chaparral,NM,88081,March,2025,
BESOS LLC/ RETAIL FUTURITY DR,"$71,422.24","$2,193.57","$69,228.67",1805 Futurity Dr,Sunland Park,NM,88603,March,2025,
BLUE WHALE SUNLAND - APPALOOSA ST RETAIL,"$740,753.04","$50,585.65","$690,167.39",1500 Appaloosa St Suite B,Sunland Park,NM,88063,March,2025,
CARDIEL BOTANICA LTD CO - MCNUTT RD RETAIL,"$8,270.31",$715.85,"$7,554.46",1685 McNutt,Sunland Park,NM,88063,March,2025,
"CHADCOR HOLDINGS NM, LLC","$1,232,353.99","$44,275.33","$1,188,078.66",1615 Appaloosa Dr,Sunland Park,NM,88063,March,2025,
CHADCOR HOLDINGS NM- RETAIL,"$65,140.71","$8,090.31","$57,050.40", 1621 Appaloosa Dr,Sunland Park,NM,88063,March,2025,
DISPENSARY NEAR ME SUNLAND PARK LLC- MCNUTT RETAIL,"$42,040.09","$3,827.50","$38,212.59",1290 McNutt Rd,Sunland Park,NM,88063,March,2025,
ERB HOLDINGS/ RETAIL OHARA ROAD,"$11,984.47",$840.54,"$11,143.93",1400 E Ohara Road,Anthony,NM,88021,March,2025,
EVEREST APOTHECARY,"$79,808.39","$2,500.77","$77,307.62",1580 Appaloosa Dr Ste 320,Sunland Park,NM,88063,March,2025,
FIELDS OF DREAMS - SUNLAND PARK RETAIL,"$1,070,653.72","$9,715.09","$1,060,938.63",159 Sunland Park Dr,Sunland Park,NM,88063,March,2025,
FLORA VERDE LLC - MAGUEY CT RETAIL,"$26,366.44","$1,721.39","$24,645.05",100 Maguey Ct,Sunland Park,NM,88063,March,2025,
FRESHIES LLC/ RETAIL MCNUTT RD,"$41,499.75","$5,748.56","$35,751.19",5325 McNutt Rd,Santa Teresa,NM,88008,March,2025,
GANJIKA GARDENS LLC/ RETAIL RILEY WAY,"$29,248.32","$1,496.78","$27,751.54",1245 Riley Way,Chaparral,NM,88081,March,2025,
GARDEN OF DREAMS CANNABIS LLC,"$29,478.45","$2,750.18","$26,728.27",5300 Mcnutt Rd,Santa Teresa,NM,88008,March,2025,
GREENGO NM - ANTHONY DR RETAIL,"$3,122.33","$1,190.42","$1,931.91",816 Anthony Dr,Anthony,NM,88021,March,2025,
"GREEN LABS CANNABIS COMPANY, LLC- DERBY RD RETAIL","$28,369.77",$172.33,"$28,197.44",245 Derby Rd,Sunland Park,NM,88063,March,2025,
"GREEN THERAPY DISPENSARY, LLC","$367,631.50","$25,235.02","$342,396.48","460 County Line Drive, Space F",Chaparral,NM,88081,March,2025,
GROTH INDUSTRIES LLC - SCHNEBERGER DR RETIAL,"$9,617.69","$1,198.41","$8,419.28",140 Schneberger Dr,Chaparral,NM,88081,March,2025,
HHNM CHAPARRAL 1 COMPANY- S. COUNTY LINE RETAIL,"$12,213.28","$1,581.93","$10,631.35",545 S. County Line,Chaparral,NM,88081,March,2025,
HHNM SUNLAND PARK 1 COMPANY- MCNUTT RD. STE. D RETAIL,"$13,713.20","$2,157.54","$11,555.66",1290 McNutt Rd. Ste. D,Sunland Park,NM,88063,March,2025,
HI LIFE DISPENSARY LLC - MCNUTT RD - RETAIL,"$53,248.66","$4,371.06","$48,877.60",5620 McNutt Rd,Santa Teresa,NM,88008,March,2025,
HOUSE OF FLOWERS ON THE BORDER LLC - RETAIL,"$64,163.76","$2,327.00","$61,836.76",1042 State Line,Chapparal,NM,88081,March,2025,
J AND J LOAN COMPANY- MCNUTT RETAIL,"$31,934.05",,"$31,934.05",1144 McNutt,Sunland Park,NM,88063,March,2025,
"KUSHOLOGY 101 LLC - OHARA RD, RETAIL","$25,044.88","$1,203.39","$23,841.49",1600 E OHara Rd,Anthony,NM,88021,March,2025,
MEDD LLC - PALOMA BLANCA RETAIL,"$77,515.61","$6,827.74","$70,687.87",170 McCombs,Chaparral,NM,88081,March,2025,
"NEBRO, LLC","$112,191.00","$4,531.50","$107,659.50",1999 Futurity Drive Unit A,Sunland Park,NM,88063,March,2025,
NEWBERRY FARMS LLC - MCNUTT RD. RETAIL,"$16,706.54",$245.51,"$16,461.03",1845 McNutt Rd,Sunland Park,NM,88063,March,2025,
NEW MEXICO TOP ORGANICS ULTRA HEALTH INC  SUNLAND PARK RETAIL,"$46,998.28","$9,363.46","$37,634.82",1155 McNutt Road,Sunland Park,NM,88063,March,2025,
NUVES LLC - RANCH ROAD RETAIL,"$28,597.97",$683.76,"$27,914.21",101 Maguey Suite 4,Sunland Park,NM,88063,March,2025,
OBI WAN CANNABIS LLC,"$29,996.61",$633.62,"$29,362.99",2167 McNutt Rd suite A,Sunland Park,NM,88063,March,2025,
OLD GODS CANNABIS INC/ RETAIL APPALOOSA UNIT7,"$120,704.53","$1,917.10","$118,787.43",1541 Appaloosa Unit 7,Sunland Park,NM,88063,March,2025,
PECOS VALLEY PRODUCTION INC - APPALOOSA DR RETAIL,"$151,062.54","$7,514.00","$143,548.54",1925 Appaloosa Dr,Sunland Park,NM,88063,March,2025,
PROHIBITION 37 - MCNUTT RD RETAIL,"$97,429.99","$10,737.54","$86,692.45",871 McNutt Rd,Sunland Park,NM,88063,March,2025,
"R GREENLEAF ORGANICS INC/ RETAIL APPALOOSA UNIT 1,2","$134,501.64","$7,359.08","$127,142.56","1541 Appaloosas Unit 1, 2, Crossing Offices",Sunland Park,NM,88063,March,2025,
RH AND MC LLC - MILLER ST RETAIL,"$26,550.41","$5,381.55","$21,168.86",103 Miller St,Anthony,NM,88021,March,2025,
"RMC NM, INC - ANTHONY RETAIL","$93,653.39","$12,416.90","$81,236.49",138 Anthony Dr,Anthony,NM,88021,March,2025,
"ROUND HOUSE RESERVE, LLC - MCNUTT DR RETAIL","$19,899.22","$2,322.01","$17,577.21",1165 McNutt Dr Unit C5,Sunland Park,NM,88063,March,2025,
R R HEMPIRE LLC - ANGELINA BLVD RETAIL,"$12,666.88",$659.57,"$12,007.31",101 Angelina Blvd,Chaparral,NM,88081,March,2025,
SCORE 420 - MCNUTT RETAIL,"$57,126.43","$6,389.53","$50,736.90",2355 McNutt Road,Sunland Park,NM,88063,March,2025,
SEVEN NINE GROW LLC - EL PASEO DR RETAIL,"$14,004.73","$1,578.21","$12,426.52",305 S County Line Rd,Chaparral,NM,88081,March,2025,
STATELINE CANNABIS NM LLC - ARCH ANGEL WAY RETAILER/CONSUMPTION,"$203,154.77","$2,904.93","$200,249.84",100 Arch Angel Way,Chaparral,NM,88081,March,2025,
ST CANAPA LLC - MCNUTT RD RETAIL,"$25,836.41",$504.21,"$25,332.20",5305 McNutt Rd,Santa Teresa,NM,88008,March,2025,
SUNLAND MCNUTT GROUP LLC- MCNUTT RD RETAIL,"$669,481.23","$28,675.70","$640,805.53",1051 McNutt Rd,Sunland Park,NM,88063,March,2025,
SUNSHINE ESSENTIALS/ RETAIL MCNUTT,"$3,024.51",$265.46,"$2,759.05",267 Anapra Rd,Sunland Park,NM,88063,March,2025,
TEN 10 PROJECT LLC- APPOLOOSA DR RETAIL,"$42,517.57",$376.00,"$42,141.57",1925 Appoloosa Dr,Sunland Park,NM,88063,March,2025,
THE GREEN MATRIX - S HIGHWAY 28 RETAIL,"$24,717.82","$2,590.14","$22,127.68",3100 S Highway 28,Anthony,NM,88021,March,2025,
TOP OF THE 8TH LLC - ANTHONY DRIVE RETAIL,"$66,540.98","$15,049.91","$51,491.07",401 Anthony Dr Ste B,Anthony,NM,88021,March,2025,
YERBAVIVA LLC/ RETAIL MCNUTT STE D,"$5,047.26",$802.39,"$4,244.87",2327 McNutt Ste D,Sunland Park,NM,88063,March,2025,
Name,Total Sales, Adult-Use Sales , Medical Sales ,Address,City,State,Zip,Month,,
ANIMACANN INC - APPALOOSA DR RETAIL,"$72,807.74","$70,664.39","$2,143.35",1500 Appaloosa Dr Bldg A Ste 140,Sunland Park,NM,88063,April,2025,
APOGEE THERAPEUTICS LLC - RETAIL/CONSUMPTION,"$14,285.52","$13,149.13","$1,136.39",1769 Victory Ln,Sunland Park,NM,88063,April,2025,
ASTRO BUDS LLC - MCCOMBS RD RETAIL,"$240,585.58","$224,854.67","$15,730.91",308 McCombs Rd Spc 2,Chaparral,NM,88081,April,2025,
BESOS LLC/ RETAIL FUTURITY DR,"$65,749.14","$64,098.67","$1,650.47",1805 Futurity Dr,Sunland Park,NM,88603,April,2025,
BLUE WHALE SUNLAND - APPALOOSA ST RETAIL,"$678,719.16","$635,618.11","$43,101.05",1500 Appaloosa St Suite B,Sunland Park,NM,88063,April,2025,
CARDIEL BOTANICA LTD CO - MCNUTT RD RETAIL,$844.99,$844.99,,1685 McNutt,Sunland Park,NM,88063,April,2025,
CARDIEL BOTANICA LTD CO - PALOMAS PL RETAIL,$395.95,$395.95,,100 Palomas Pl Ste B-2,Sunland Park,NM,88063,April,2025,
"CHADCOR HOLDINGS NM, LLC","$1,202,158.98","$1,157,073.45","$45,085.53",1615 Appaloosa Dr,Sunland Park,NM,88063,April,2025,
CHADCOR HOLDINGS NM- RETAIL,"$206,001.77","$188,484.84","$17,516.93", 1621 Appaloosa Dr,Sunland Park,NM,88063,April,2025,
DISPENSARY NEAR ME SUNLAND PARK LLC- MCNUTT RETAIL,"$49,519.89","$45,841.79","$3,678.10",1290 McNutt Rd,Sunland Park,NM,88063,April,2025,
ERB HOLDINGS/ RETAIL OHARA ROAD,"$12,383.07","$11,496.39",$886.68,1400 E Ohara Road,Anthony,NM,88021,April,2025,
EVEREST APOTHECARY,"$76,608.38","$73,869.35","$2,739.03",1580 Appaloosa Dr Ste 320,Sunland Park,NM,88063,April,2025,
FIELDS OF DREAMS - SUNLAND PARK RETAIL,"$1,138,177.78","$1,127,792.55","$10,385.23",159 Sunland Park Dr,Sunland Park,NM,88063,April,2025,
FRESHIES LLC/ RETAIL MCNUTT RD,"$49,618.56","$43,823.51","$5,795.05",5325 McNutt Rd,Santa Teresa,NM,88008,April,2025,
GANJIKA GARDENS LLC/ RETAIL RILEY WAY,"$30,490.32","$29,232.06","$1,258.26",1245 Riley Way,Chaparral,NM,88081,April,2025,
GARDEN OF DREAMS CANNABIS LLC,"$28,391.60","$26,129.75","$2,261.85",5300 Mcnutt Rd,Santa Teresa,NM,88008,April,2025,
"GREEN LABS CANNABIS COMPANY, LLC- DERBY RD RETAIL","$26,790.35","$26,575.79",$214.56,245 Derby Rd,Sunland Park,NM,88063,April,2025,
"GREEN THERAPY DISPENSARY, LLC","$385,706.64","$357,253.14","$28,453.50","460 County Line Drive, Space F",Chaparral,NM,88081,April,2025,
GROTH INDUSTRIES LLC - SCHNEBERGER DR RETIAL,"$9,037.87","$7,784.52","$1,253.35",140 Schneberger Dr,Chaparral,NM,88081,April,2025,
HHNM SUNLAND PARK 1 COMPANY- MCNUTT RD. STE. D RETAIL,"$11,313.37","$10,264.33","$1,049.04",1290 McNutt Rd. Ste. D,Sunland Park,NM,88063,April,2025,
HI LIFE DISPENSARY LLC - MCNUTT RD - RETAIL,"$44,427.69","$39,220.87","$5,206.82",5620 McNutt Rd,Santa Teresa,NM,88008,April,2025,
HOUSE OF FLOWERS ON THE BORDER LLC - RETAIL,"$61,567.88","$59,893.24","$1,674.64",1042 State Line,Chapparal,NM,88081,April,2025,
J AND J LOAN COMPANY- MCNUTT RETAIL,"$10,937.70","$10,737.70",$200.00,1144 McNutt,Sunland Park,NM,88063,April,2025,
"KUSHOLOGY 101 LLC - OHARA RD, RETAIL","$25,142.79","$23,847.47","$1,295.32",1600 E OHara Rd,Anthony,NM,88021,April,2025,
MEDD LLC - PALOMA BLANCA RETAIL,"$77,457.10","$72,249.29","$5,207.81",170 McCombs,Chaparral,NM,88081,April,2025,
"NEBRO, LLC","$105,572.58","$101,354.39","$4,218.19",1999 Futurity Drive Unit A,Sunland Park,NM,88063,April,2025,
NEWBERRY FARMS LLC - MCNUTT RD. RETAIL,"$18,286.54","$18,035.44",$251.10,1845 McNutt Rd,Sunland Park,NM,88063,April,2025,
NEW MEXICO TOP ORGANICS ULTRA HEALTH INC  SUNLAND PARK RETAIL,"$44,971.74","$36,336.71","$8,635.03",1155 McNutt Road,Sunland Park,NM,88063,April,2025,
NUVES LLC - RANCH ROAD RETAIL,"$30,865.73","$30,597.72",$268.01,101 Maguey Suite 4,Sunland Park,NM,88063,April,2025,
OBI WAN CANNABIS LLC,"$33,831.11","$33,284.64",$546.47,2167 McNutt Rd suite A,Sunland Park,NM,88063,April,2025,
OLD GODS CANNABIS INC/ RETAIL APPALOOSA UNIT7,"$117,213.89","$113,444.03","$3,769.86",1541 Appaloosa Unit 7,Sunland Park,NM,88063,April,2025,
PECOS VALLEY PRODUCTION INC - APPALOOSA DR RETAIL,"$129,883.10","$124,470.60","$5,412.50",1925 Appaloosa Dr,Sunland Park,NM,88063,April,2025,
PROHIBITION 37 - MCNUTT RD RETAIL,"$108,164.72","$93,547.18","$14,617.54",871 McNutt Rd,Sunland Park,NM,88063,April,2025,
"R GREENLEAF ORGANICS INC/ RETAIL APPALOOSA UNIT 1,2","$119,652.82","$113,498.75","$6,154.07","1541 Appaloosas Unit 1, 2, Crossing Offices",Sunland Park,NM,88063,April,2025,
RH AND MC LLC - MILLER ST RETAIL,"$25,778.91","$19,913.08","$5,865.83",103 Miller St,Anthony,NM,88021,April,2025,
"RMC NM, INC - ANTHONY RETAIL","$84,357.10","$71,981.77","$12,375.33",138 Anthony Dr,Anthony,NM,88021,April,2025,
"ROUND HOUSE RESERVE, LLC - MCNUTT DR RETAIL","$20,515.35","$18,940.48","$1,574.87",1165 McNutt Dr Unit C5,Sunland Park,NM,88063,April,2025,
R R HEMPIRE LLC - ANGELINA BLVD RETAIL,"$12,928.72","$12,244.35",$684.37,101 Angelina Blvd,Chaparral,NM,88081,April,2025,
SCORE 420 - MCNUTT RETAIL,"$55,979.05","$50,255.22","$5,723.83",2355 McNutt Road,Sunland Park,NM,88063,April,2025,
SEVEN NINE GROW LLC - EL PASEO DR RETAIL,$92.12,$92.12,,305 S County Line Rd,Chaparral,NM,88081,April,2025,
STATELINE CANNABIS NM LLC - ARCH ANGEL WAY RETAILER/CONSUMPTION,"$188,834.39","$186,831.40","$2,002.99",100 Arch Angel Way,Chaparral,NM,88081,April,2025,
ST CANAPA LLC - MCNUTT RD RETAIL,"$21,573.53","$20,500.18","$1,073.35",5305 McNutt Rd,Santa Teresa,NM,88008,April,2025,
SUNLAND MCNUTT GROUP LLC- MCNUTT RD RETAIL,"$838,940.03","$801,638.62","$37,301.42",1051 McNutt Rd,Sunland Park,NM,88063,April,2025,
SUNSHINE ESSENTIALS/ RETAIL MCNUTT,"$6,283.08","$5,798.12",$484.96,267 Anapra Rd,Sunland Park,NM,88063,April,2025,
TEN 10 PROJECT LLC- APPOLOOSA DR RETAIL,"$43,195.01","$42,810.51",$384.50,1925 Appoloosa Dr,Sunland Park,NM,88063,April,2025,
THE GREEN MATRIX - S HIGHWAY 28 RETAIL,"$27,429.74","$24,642.77","$2,786.97",3100 S Highway 28,Anthony,NM,88021,April,2025,
TOP OF THE 8TH LLC - ANTHONY DRIVE RETAIL,"$62,921.07","$47,473.25","$15,447.82",401 Anthony Dr Ste B,Anthony,NM,88021,April,2025,
YERBAVIVA LLC/ RETAIL MCNUTT STE D,"$4,864.84","$4,060.78",$804.06,2327 McNutt Ste D,Sunland Park,NM,88063,April,2025,
Licensee, Total Sales , Adult-Use Sales , Medical Sales ,Address,City,State,Zip,,,
ANIMACANN INC - APPALOOSA DR RETAIL,"$67,468.26","$64,763.78","$2,704.48",1500 Appaloosa Dr Bldg A Ste 140,Sunland Park,NM,88063,May,2025,
APOGEE THERAPEUTICS LLC - RETAIL/CONSUMPTION,"$23,014.53","$20,983.14","$2,031.39",1769 Victory Ln,Sunland Park,NM,88063,May,2025,
AREA 54 DISPENSARY LLC- ANGELINA BLVD RETAIL,"$11,772.12","$11,095.55",$676.57,764 Angelina blvd,Chaparral,NM,88081,May,2025,
ASTRO BUDS LLC - MCCOMBS RD RETAIL,"$226,082.09","$209,004.66","$17,077.43",308 McCombs Rd Spc 2,Chaparral,NM,88081,May,2025,
BESOS LLC/ RETAIL FUTURITY DR,"$62,056.76","$60,450.53","$1,606.23",1805 Futurity Dr,Sunland Park,NM,88603,May,2025,
BLUE WHALE SUNLAND - APPALOOSA ST RETAIL,"$688,519.54","$642,556.56","$45,962.98",1500 Appaloosa St Suite B,Sunland Park,NM,88063,May,2025,
CARDIEL BOTANICA LTD CO - PALOMAS PL RETAIL,$525.59,$525.59,,100 Palomas Pl Ste B-2,Sunland Park,NM,88063,May,2025,
"CHADCOR HOLDINGS NM, LLC","$1,187,594.29","$1,143,420.62","$44,173.67",1615 Appaloosa Dr,Sunland Park,NM,88063,May,2025,
CHADCOR HOLDINGS NM- RETAIL,"$230,107.51","$216,704.81","$13,402.70", 1621 Appaloosa Dr,Sunland Park,NM,88063,May,2025,
DISPENSARY NEAR ME SUNLAND PARK LLC- MCNUTT RETAIL,"$39,005.60","$36,664.27","$2,341.33",1290 McNutt Rd,Sunland Park,NM,88063,May,2025,
ERB HOLDINGS/ RETAIL OHARA ROAD,"$12,010.60","$11,139.30",$871.30,1400 E Ohara Road,Anthony,NM,88021,May,2025,
EVEREST APOTHECARY,"$82,422.89","$79,199.35","$3,223.54",1580 Appaloosa Dr Ste 320,Sunland Park,NM,88063,May,2025,
FIELDS OF DREAMS - SUNLAND PARK RETAIL,"$1,154,128.06","$1,145,066.23","$9,061.83",159 Sunland Park Dr,Sunland Park,NM,88063,May,2025,
FRESHIES LLC/ RETAIL MCNUTT RD,"$50,448.28","$43,761.18","$6,687.10",5325 McNutt Rd,Santa Teresa,NM,88008,May,2025,
GANJIKA GARDENS LLC/ RETAIL RILEY WAY,"$26,507.07","$24,793.59","$1,713.48",1245 Riley Way,Chaparral,NM,88081,May,2025,
GARDEN OF DREAMS CANNABIS LLC,"$33,758.15","$31,102.11","$2,656.04",5300 Mcnutt Rd,Santa Teresa,NM,88008,May,2025,
"GREEN LABS CANNABIS COMPANY, LLC- DERBY RD RETAIL","$25,909.82","$25,556.51",$353.31,245 Derby Rd,Sunland Park,NM,88063,May,2025,
"GREEN THERAPY DISPENSARY, LLC","$408,176.95","$382,479.41","$25,697.54","460 County Line Drive, Space F",Chaparral,NM,88081,May,2025,
GROTH INDUSTRIES LLC - SCHNEBERGER DR RETIAL,"$9,924.53","$8,252.43","$1,672.10",140 Schneberger Dr,Chaparral,NM,88081,May,2025,
HHNM SUNLAND PARK 1 COMPANY- MCNUTT RD. STE. D RETAIL,"$12,751.60","$11,339.67","$1,411.93",1290 McNutt Rd. Ste. D,Sunland Park,NM,88063,May,2025,
HI LIFE DISPENSARY LLC - MCNUTT RD - RETAIL,"$13,212.32","$11,957.60","$1,254.72",5620 McNutt Rd,Santa Teresa,NM,88008,May,2025,
HOUSE OF FLOWERS ON THE BORDER LLC - RETAIL,"$69,699.24","$66,274.95","$3,424.29",1042 State Line,Chaparral,NM,88081,May,2025,
J AND J LOAN COMPANY- MCNUTT RETAIL,"$42,436.08","$42,436.08",,1144 McNutt,Sunland Park,NM,88063,May,2025,
"KUSHOLOGY 101 LLC - OHARA RD, RETAIL","$22,754.85","$21,730.89","$1,023.96",1600 E OHara Rd,Anthony,NM,88021,May,2025,
MEDD LLC - PALOMA BLANCA RETAIL,"$80,330.70","$74,343.91","$5,986.79",170 McCombs,Chaparral,NM,88081,May,2025,
"NEBRO, LLC","$100,294.35","$94,534.07","$5,760.28",1999 Futurity Drive Unit A,Sunland Park,NM,88063,May,2025,
NEWBERRY FARMS LLC - MCNUTT RD. RETAIL,"$17,500.80","$17,385.69",$115.11,1845 McNutt Rd,Sunland Park,NM,88063,May,2025,
NEW MEXICO TOP ORGANICS ULTRA HEALTH INC  SUNLAND PARK RETAIL,"$42,138.19","$33,376.77","$8,761.42",1155 McNutt Road,Sunland Park,NM,88063,May,2025,
NRG LYFT LLC,$311.52,$311.52,,875 McNutt Rd.,Sunland Park,NM,88063,May,2025,
NUVES LLC - RANCH ROAD RETAIL,"$32,873.05","$32,597.38",$275.67,101 Maguey Suite 4,Sunland Park,NM,88063,May,2025,
OBI WAN CANNABIS LLC,"$31,301.39","$30,675.14",$626.25,2167 McNutt Rd suite A,Sunland Park,NM,88063,May,2025,
OLD GODS CANNABIS INC/ RETAIL APPALOOSA UNIT7,"$106,781.45","$103,046.24","$3,735.21",1541 Appaloosa Unit 7,Sunland Park,NM,88063,May,2025,
PECOS VALLEY PRODUCTION INC - APPALOOSA DR RETAIL,"$127,356.55","$120,985.63","$6,370.92",1925 Appaloosa Dr,Sunland Park,NM,88063,May,2025,
PROHIBITION 37 - MCNUTT RD RETAIL,"$92,866.38","$84,339.32","$8,527.06",871 McNutt Rd,Sunland Park,NM,88063,May,2025,
"R GREENLEAF ORGANICS INC/ RETAIL APPALOOSA UNIT 1,2","$119,174.58","$111,851.55","$7,323.03","1541 Appaloosas Unit 1, 2, Crossing Offices",Sunland Park,NM,88063,May,2025,
RH AND MC LLC - MILLER ST RETAIL,"$25,652.42","$21,065.04","$4,587.38",103 Miller St,Anthony,NM,88021,May,2025,
"RMC NM, INC - ANTHONY RETAIL","$94,434.70","$81,024.31","$13,410.39",138 Anthony Dr,Anthony,NM,88021,May,2025,
"ROUND HOUSE RESERVE, LLC - MCNUTT DR RETAIL","$16,745.08","$15,628.93","$1,116.15",1165 McNutt Dr Unit C5,Sunland Park,NM,88063,May,2025,
R R HEMPIRE LLC - ANGELINA BLVD RETAIL,"$12,996.39","$12,561.86",$434.53,101 Angelina Blvd,Chaparral,NM,88081,May,2025,
SCORE 420 - MCNUTT RETAIL,"$55,678.02","$51,085.43","$4,592.59",2355 McNutt Road,Sunland Park,NM,88063,May,2025,
STATELINE CANNABIS NM LLC - ARCH ANGEL WAY RETAILER/CONSUMPTION,"$199,108.53","$195,921.11","$3,187.42",100 Arch Angel Way,Chaparral,NM,88081,May,2025,
ST CANAPA LLC - MCNUTT RD RETAIL,"$22,344.42","$21,327.63","$1,016.79",5305 McNutt Rd,Santa Teresa,NM,88008,May,2025,
SUNLAND MCNUTT GROUP LLC- MCNUTT RD RETAIL,"$862,370.05","$828,887.90","$33,482.14",1051 McNutt Rd,Sunland Park,NM,88063,May,2025,
SUNSHINE ESSENTIALS/ RETAIL MCNUTT,"$6,510.74","$6,122.09",$388.65,267 Anapra Rd,Sunland Park,NM,88063,May,2025,
TEN 10 PROJECT LLC- APPOLOOSA DR RETAIL,"$38,087.63","$37,418.42",$669.21,1925 Appoloosa Dr,Sunland Park,NM,88063,May,2025,
THE GREEN MATRIX - S HIGHWAY 28 RETAIL,"$26,048.21","$23,427.62","$2,620.59",3100 S Highway 28,Anthony,NM,88021,May,2025,
TOP OF THE 8TH LLC - ANTHONY DRIVE RETAIL,"$71,125.05","$55,404.77","$15,720.28",401 Anthony Dr Ste B,Anthony,NM,88021,May,2025,
YERBAVIVA LLC/ RETAIL MCNUTT STE D,"$1,456.66","$1,221.47",$235.19,2327 McNutt Ste D,Sunland Park,NM,88063,May,2025,
Name, Total Sales , Adult-Use Sales , Medical Sales ,Address,City,State,Zip,Month,,
ANIMACANN INC - APPALOOSA DR RETAIL,"$59,699.39","$57,914.73","$1,784.66",1500 Appaloosa Dr Bldg A Ste 140,Sunland Park,NM,88063,June,2025,
APOGEE THERAPEUTICS LLC - RETAIL/CONSUMPTION,"$29,410.83","$27,033.02","$2,377.81",1769 Victory Ln,Sunland Park,NM,88063,June,2025,
AREA 54 DISPENSARY LLC- ANGELINA BLVD RETAIL,"$13,130.28","$12,164.65",$965.63,764 Angelina blvd,Chaparral,NM,88081,June,2025,
ASTRO BUDS LLC - MCCOMBS RD RETAIL,"$210,392.79","$193,741.77","$16,651.02",308 McCombs Rd Spc 2,Chaparral,NM,88081,June,2025,
BESOS LLC/ RETAIL FUTURITY DR,"$27,181.93","$26,557.11",$624.82,1805 Futurity Dr,Sunland Park,NM,88603,June,2025,
COOKIES - BLUE WHALE SUNLAND - APPALOOSA ST RETAIL,"$657,365.07","$613,339.56","$44,025.51",1500 Appaloosa St Suite B,Sunland Park,NM,88063,June,2025,
"DARK MATTER - CHADCOR HOLDINGS NM, LLC","$1,080,051.06","$1,040,192.75","$39,858.31",1615 Appaloosa Dr,Sunland Park,NM,88063,June,2025,
TOP CROP - CHADCOR HOLDINGS NM- RETAIL,"$273,197.76","$257,450.73","$15,747.03", 1621 Appaloosa Dr,Sunland Park,NM,88063,June,2025,
DISPENSARY NEAR ME SUNLAND PARK LLC- MCNUTT RETAIL,"$38,146.75","$35,690.52","$2,456.23",1290 McNutt Rd,Sunland Park,NM,88063,June,2025,
ERB HOLDINGS/ RETAIL OHARA ROAD,"$11,885.86","$10,964.55",$921.31,1400 E Ohara Road,Anthony,NM,88021,June,2025,
EVEREST APOTHECARY,"$82,043.11","$78,362.79","$3,680.32",1580 Appaloosa Dr Ste 320,Sunland Park,NM,88063,June,2025,
FIELDS OF DREAMS - SUNLAND PARK RETAIL,"$1,112,664.63","$1,101,883.73","$10,780.90",159 Sunland Park Dr,Sunland Park,NM,88063,June,2025,
FRESHIES LLC/ RETAIL MCNUTT RD,"$47,449.67","$40,661.84","$6,787.83",5325 McNutt Rd,Santa Teresa,NM,88008,June,2025,
GANJIKA GARDENS LLC/ RETAIL RILEY WAY,"$21,948.37","$20,073.72","$1,874.65",1245 Riley Way,Chaparral,NM,88081,June,2025,
GARDEN OF DREAMS CANNABIS LLC,"$29,888.54","$28,382.42","$1,506.12",5300 Mcnutt Rd,Santa Teresa,NM,88008,June,2025,
"GREEN LABS CANNABIS COMPANY, LLC- DERBY RD RETAIL","$28,904.80","$27,884.00","$1,020.80",245 Derby Rd,Sunland Park,NM,88063,June,2025,
"GREEN THERAPY DISPENSARY, LLC","$388,742.62","$364,658.62","$24,084.00","460 County Line Drive, Space F",Chaparral,NM,88081,June,2025,
GROTH INDUSTRIES LLC - SCHNEBERGER DR RETIAL,"$7,763.32","$6,687.83","$1,075.49",140 Schneberger Dr,Chaparral,NM,88081,June,2025,
HHNM SUNLAND PARK 1 COMPANY- MCNUTT RD. STE. D RETAIL,"$4,159.02","$3,917.44",$241.58,1290 McNutt Rd. Ste. D,Sunland Park,NM,88063,June,2025,
HOUSE OF FLOWERS ON THE BORDER LLC - RETAIL,"$72,048.39","$68,589.25","$3,459.14",1042 State Line,Chapparal,NM,88081,June,2025,
J AND J LOAN COMPANY- MCNUTT RETAIL,"$40,511.81","$40,491.81",$20.00,1144 McNutt,Sunland Park,NM,88063,June,2025,
"KUSHOLOGY 101 LLC - OHARA RD, RETAIL","$19,861.33","$18,593.78","$1,267.55",1600 E OHara Rd,Anthony,NM,88021,June,2025,
MEDD LLC - PALOMA BLANCA RETAIL,"$82,264.73","$73,764.73","$8,500.00",170 McCombs,Chaparral,NM,88081,June,2025,
"ELEVATION - NEBRO, LLC","$93,648.89","$88,067.78","$5,581.11",1999 Futurity Drive Unit A,Sunland Park,NM,88063,June,2025,
NEWBERRY FARMS LLC - MCNUTT RD. RETAIL,"$7,438.22","$7,396.06",$42.16,1845 McNutt Rd,Sunland Park,NM,88063,June,2025,
NEW MEXICO TOP ORGANICS ULTRA HEALTH INC  SUNLAND PARK RETAIL,"$39,580.28","$32,366.63","$7,213.65",1155 McNutt Road,Sunland Park,NM,88063,June,2025,
NUVES LLC - RANCH ROAD RETAIL,"$27,564.87","$27,534.87",$30.00,101 Maguey Suite 4,Sunland Park,NM,88063,June,2025,
OBI WAN CANNABIS LLC,"$25,155.22","$24,675.68",$479.54,2167 McNutt Rd suite A,Sunland Park,NM,88063,June,2025,
OLD GODS CANNABIS INC/ RETAIL APPALOOSA UNIT7,"$114,665.23","$111,128.93","$3,536.30",1541 Appaloosa Unit 7,Sunland Park,NM,88063,June,2025,
PECOS VALLEY PRODUCTION INC - APPALOOSA DR RETAIL,"$108,252.96","$102,135.05","$6,117.91",1925 Appaloosa Dr,Sunland Park,NM,88063,June,2025,
PROHIBITION 37 - MCNUTT RD RETAIL,"$84,494.76","$76,042.36","$8,452.40",871 McNutt Rd,Sunland Park,NM,88063,June,2025,
"R GREENLEAF ORGANICS INC/ RETAIL APPALOOSA UNIT 1,2","$104,961.30","$99,152.03","$5,809.27","1541 Appaloosas Unit 1, 2, Crossing Offices",Sunland Park,NM,88063,June,2025,
RH AND MC LLC - MILLER ST RETAIL,"$23,682.62","$18,293.20","$5,389.42",103 Miller St,Anthony,NM,88021,June,2025,
"RMC NM, INC - ANTHONY RETAIL","$88,781.39","$76,101.77","$12,679.62",138 Anthony Dr,Anthony,NM,88021,June,2025,
"ROUND HOUSE RESERVE, LLC - MCNUTT DR RETAIL","$14,065.92","$12,910.04","$1,155.88",1165 McNutt Dr Unit C5,Sunland Park,NM,88063,June,2025,
R R HEMPIRE LLC - ANGELINA BLVD RETAIL,"$13,073.15","$12,324.99",$748.16,101 Angelina Blvd,Chaparral,NM,88081,June,2025,
SCORE 420 - MCNUTT RETAIL,"$54,064.69","$49,376.13","$4,688.56",2355 McNutt Road,Sunland Park,NM,88063,June,2025,
STATELINE CANNABIS NM LLC - ARCH ANGEL WAY RETAILER/CONSUMPTION,"$190,035.53","$188,508.92","$1,526.61",100 Arch Angel Way,Chaparral,NM,88081,June,2025,
ST CANAPA LLC - MCNUTT RD RETAIL,"$25,343.79","$24,369.23",$974.56,5305 McNutt Rd,Santa Teresa,NM,88008,June,2025,
MANGO - SUNLAND MCNUTT GROUP LLC- MCNUTT RD RETAIL,"$852,554.59","$815,262.24","$37,292.35",1051 McNutt Rd,Sunland Park,NM,88063,June,2025,
SUNSHINE ESSENTIALS/ RETAIL MCNUTT,"$3,724.76","$3,050.38",$674.38,267 Anapra Rd,Sunland Park,NM,88063,June,2025,
TEN 10 PROJECT LLC- APPOLOOSA DR RETAIL,"$33,610.34","$33,186.34",$424.00,1925 Appoloosa Dr,Sunland Park,NM,88063,June,2025,
THE GREEN MATRIX - S HIGHWAY 28 RETAIL,"$22,616.35","$20,213.30","$2,403.05",3100 S Highway 28,Anthony,NM,88021,June,2025,
TOP OF THE 8TH LLC - ANTHONY DRIVE RETAIL,"$65,928.62","$51,966.77","$13,961.85",401 Anthony Dr Ste B,Anthony,NM,88021,June,2025,
YERBAVIVA LLC/ RETAIL MCNUTT STE D,$923.43,$765.26,$158.17,2327 McNutt Ste D,Sunland Park,NM,88063,June,2025,
Name, Total Sales , Adult-Use Sales , Medical Sales ,Address,City,State,Zip,,,
FIELDS OF DREAMS - SUNLAND PARK RETAIL,"$1,183,972.41","$1,171,728.85","$12,243.56",159 Sunland Park Dr,Sunland Park,NM,88063,July,2025,
"CHADCOR HOLDINGS NM, LLC","$1,087,860.32","$1,052,406.54","$35,453.78",1615 Appaloosa Dr,Sunland Park,NM,88063,July,2025,
SUNLAND MCNUTT GROUP LLC- MCNUTT RD RETAIL,"$874,384.60","$839,298.75","$35,085.85",1051 McNutt Rd,Sunland Park,NM,88063,July,2025,
BLUE WHALE SUNLAND - APPALOOSA ST RETAIL,"$652,486.89","$609,773.29","$42,713.60",1500 Appaloosa St Suite B,Sunland Park,NM,88063,July,2025,
"GREEN THERAPY DISPENSARY, LLC","$386,442.94","$361,379.42","$25,063.52","460 County Line Drive, Space F",Chaparral,NM,88081,July,2025,
CHADCOR HOLDINGS NM- RETAIL,"$264,555.88","$251,756.83","$12,799.05", 1621 Appaloosa Dr,Sunland Park,NM,88063,July,2025,
ASTRO BUDS LLC - MCCOMBS RD RETAIL,"$203,538.52","$190,399.15","$13,139.37",308 McCombs Rd Spc 2,Chaparral,NM,88081,July,2025,
STATELINE CANNABIS NM LLC - ARCH ANGEL WAY RETAILER/CONSUMPTION,"$201,195.39","$199,960.06","$1,235.33",100 Arch Angel Way,Chaparral,NM,88081,July,2025,
OLD GODS CANNABIS INC/ RETAIL APPALOOSA UNIT7,"$128,503.67","$124,439.57","$4,064.10",1541 Appaloosa Unit 7,Sunland Park,NM,88063,July,2025,
"RMC NM, INC - ANTHONY RETAIL","$103,480.45","$88,347.87","$15,132.58",138 Anthony Dr,Anthony,NM,88021,July,2025,
"R GREENLEAF ORGANICS INC/ RETAIL APPALOOSA UNIT 1,2","$98,228.94","$93,340.56","$4,888.38","1541 Appaloosas Unit 1, 2, Crossing Offices",Sunland Park,NM,88063,July,2025,
"NEBRO, LLC","$90,147.67","$85,842.13","$4,305.54",1999 Futurity Drive Unit A,Sunland Park,NM,88063,July,2025,
MEDD LLC - PALOMA BLANCA RETAIL,"$90,144.77","$85,504.01","$4,640.76",170 McCombs,Chaparral,NM,88081,July,2025,
PROHIBITION 37 - MCNUTT RD RETAIL,"$89,923.15","$80,526.23","$9,396.92",871 McNutt Rd,Sunland Park,NM,88063,July,2025,
EVEREST APOTHECARY,"$79,406.58","$76,509.14","$2,897.44",1580 Appaloosa Dr Ste 320,Sunland Park,NM,88063,July,2025,
PECOS VALLEY PRODUCTION INC - APPALOOSA DR RETAIL,"$77,035.04","$74,505.85","$2,529.19",1925 Appaloosa Dr,Sunland Park,NM,88063,July,2025,
"$77,035.04",,,,,Sunland Park,,,July,2025,
HOUSE OF FLOWERS ON THE BORDER LLC - RETAIL,"$72,926.37","$68,534.57","$4,391.80",1042 State Line,Chapparal,NM,88081,July,2025,
J AND J LOAN COMPANY- MCNUTT RETAIL,"$68,558.65","$68,283.22",$275.43,1144 McNutt,Sunland Park,NM,88063,July,2025,
TOP OF THE 8TH LLC - ANTHONY DRIVE RETAIL,"$64,115.56","$48,511.65","$15,603.91",401 Anthony Dr Ste B,Anthony,NM,88021,July,2025,
SCORE 420 - MCNUTT RETAIL,"$62,225.08","$57,880.40","$4,344.68",2355 McNutt Road,Sunland Park,NM,88063,July,2025,
ANIMACANN INC - APPALOOSA DR RETAIL,"$51,858.69","$50,521.16","$1,337.53",1500 Appaloosa Dr Bldg A Ste 140,Sunland Park,NM,88063,July,2025,
DISPENSARY NEAR ME SUNLAND PARK LLC- MCNUTT RETAIL/CONSUMPTION,"$45,062.83","$42,029.12","$3,033.71",1290 McNutt Rd,Sunland Park,NM,88063,July,2025,
FRESHIES LLC/ RETAIL MCNUTT RD,"$42,042.27","$36,707.53","$5,334.74",5325 McNutt Rd,Santa Teresa,NM,88008,July,2025,
BESOS LLC/ RETAIL FUTURITY DR,"$40,731.13","$40,155.59",$575.54,1805 Futurity Dr,Sunland Park,NM,88603,July,2025,
NEW MEXICO TOP ORGANICS ULTRA HEALTH INC  SUNLAND PARK RETAIL,"$38,536.01","$30,638.60","$7,897.41",1155 McNutt Road,Sunland Park,NM,88063,July,2025,
NUVES LLC - RANCH ROAD RETAIL,"$33,182.12","$33,022.12",$160.00,101 Maguey Suite 4,Sunland Park,NM,88063,July,2025,
"GREEN LABS CANNABIS COMPANY, LLC- DERBY RD RETAIL","$33,170.86","$32,475.84",$695.02,245 Derby Rd,Sunland Park,NM,88063,July,2025,
APOGEE THERAPEUTICS LLC - RETAIL/CONSUMPTION,"$33,021.67","$30,954.22","$2,067.45",1769 Victory Ln,Sunland Park,NM,88063,July,2025,
GARDEN OF DREAMS CANNABIS LLC,"$32,431.72","$30,382.93","$2,048.79",5300 Mcnutt Rd,Santa Teresa,NM,88008,July,2025,
TEN 10 PROJECT LLC- APPOLOOSA DR RETAIL,"$31,724.80","$31,448.30",$276.50,1925 Appoloosa Dr,Sunland Park,NM,88063,July,2025,
"KUSHOLOGY 101 LLC - OHARA RD, RETAIL","$27,121.57","$25,196.40","$1,925.17",1600 E OHara Rd,Anthony,NM,88021,July,2025,
OBI WAN CANNABIS LLC,"$26,043.13","$25,564.48",$478.65,2167 McNutt Rd suite A,Sunland Park,NM,88063,July,2025,
RH AND MC LLC - MILLER ST RETAIL,"$25,683.78","$20,513.97","$5,169.80",103 Miller St,Anthony,NM,88021,July,2025,
THE GREEN MATRIX - S HIGHWAY 28 RETAIL,"$24,683.53","$21,767.33","$2,916.20",3100 S Highway 28,Anthony,NM,88021,July,2025,
ST CANAPA LLC - MCNUTT RD RETAIL,"$21,418.75","$20,707.84",$710.91,5305 McNutt Rd,Santa Teresa,NM,88008,July,2025,
GANJIKA GARDENS LLC/ RETAIL RILEY WAY,"$20,010.28","$18,066.31","$1,943.97",1245 Riley Way,Chaparral,NM,88081,July,2025,
AREA 54 DISPENSARY LLC- ANGELINA BLVD RETAIL,"$15,331.77","$13,596.03","$1,735.74",764 Angelina blvd,Chaparral,NM,88081,July,2025,
R R HEMPIRE LLC - ANGELINA BLVD RETAIL,"$12,549.52","$11,929.23",$620.29,101 Angelina Blvd,Chaparral,NM,88081,July,2025,
"ROUND HOUSE RESERVE, LLC - MCNUTT DR RETAIL","$11,458.08","$10,177.89","$1,280.19",1165 McNutt Dr Unit C5,Sunland Park,NM,88063,July,2025,
STATELINE CANNABIS NM LLC-STEPHANIE RETAIL/CONS,"$9,524.11","$9,524.11",,101 Stephanie,Chaparral,NM,880081,July,2025,
GROTH INDUSTRIES LLC - SCHNEBERGER DR RETIAL,"$8,340.36","$6,987.51","$1,352.85",140 Schneberger Dr,Chaparral,NM,88081,July,2025,
SUNSHINE ESSENTIALS/ RETAIL MCNUTT,"$4,008.29","$3,293.19",$715.10,267 Anapra Rd,Sunland Park,NM,88063,July,2025,
ERB HOLDINGS/ RETAIL OHARA ROAD,"$1,974.90","$1,702.48",$272.42,1400 E Ohara Road,Anthony,NM,88021,July,2025,
575 CANNABIS LLC- RETAIL 305 S COUNTY LINE,"$1,824.97","$1,684.77",$140.20,305 S County Line Dr,Chaparral,NM,88081,July,2025,
YERBAVIVA LLC/ RETAIL MCNUTT STE D,$980.21,$304.12,$676.09,2327 McNutt Ste D,Sunland Park,NM,88063,July,2025,
HI LIFE DISPENSARY LLC - MCNUTT RD - RETAIL,$12.36,$12.36,,5620 McNutt Rd,Santa Teresa,NM,88008,July,2025,
Name, Total Sales , Adult-Use Sales , Medical Sales ,Address,City,State,Zip,,,
TWISTED CANNABIS- VICTORY DR RETAIL,$505.00,$505.00,,1979 Victory Dr Ste 9,Sunland Park,NM,88063,August,2025,
SUNSHINE ESSENTIALS/ RETAIL MCNUTT,"$4,467.63","$3,777.59",$690.04,267 Anapra Rd,Sunland Park,NM,88063,August,2025,
SUNLAND MCNUTT GROUP LLC- MCNUTT RD RETAIL,"$921,498.13","$885,873.32","$35,624.82",1051 McNutt Rd,Sunland Park,NM,88063,August,2025,
SCORE 420 - MCNUTT RETAIL,"$66,428.81","$61,797.81","$4,631.00",2355 McNutt Road,Sunland Park,NM,88063,August,2025,
"ROUND HOUSE RESERVE, LLC - MCNUTT DR RETAIL","$13,306.03","$12,223.99","$1,082.04",1165 McNutt Dr Unit C5,Sunland Park,NM,88063,August,2025,
"R GREENLEAF ORGANICS INC/ RETAIL APPALOOSA UNIT 1,2","$102,398.85","$96,279.78","$6,119.07","1541 Appaloosas Unit 1, 2, Crossing Offices",Sunland Park,NM,88063,August,2025,
PROHIBITION 37 - MCNUTT RD RETAIL,"$96,009.83","$86,463.32","$9,546.51",871 McNutt Rd,Sunland Park,NM,88063,August,2025,
PECOS VALLEY PRODUCTION INC - APPALOOSA DR RETAIL,"$64,066.60","$61,003.94","$3,062.66",1925 Appaloosa Dr,Sunland Park,NM,88063,August,2025,
OLD GODS CANNABIS INC/ RETAIL APPALOOSA UNIT7,"$137,775.93","$135,299.83","$2,476.10",1541 Appaloosa Unit 7,Sunland Park,NM,88063,August,2025,
OBI WAN CANNABIS LLC,"$22,587.84","$22,330.17",$257.67,2167 McNutt Rd suite A,Sunland Park,NM,88063,August,2025,
NUVES LLC - RANCH ROAD RETAIL,"$34,702.13","$34,684.15",$17.98,101 Maguey Suite 4,Sunland Park,NM,88063,August,2025,
NEW MEXICO TOP ORGANICS ULTRA HEALTH INC  SUNLAND PARK RETAIL,"$37,403.01","$30,602.10","$6,800.91",1155 McNutt Road,Sunland Park,NM,88063,August,2025,
"Elevation - NEBRO, LLC","$88,778.38","$84,881.70","$3,896.68",1999 Futurity Drive Unit A,Sunland Park,NM,88063,August,2025,
Empire - J AND J LOAN COMPANY- MCNUTT RETAIL,"$65,156.03","$64,949.18",$206.85,1144 McNutt,Sunland Park,NM,88063,August,2025,
"GREEN LABS CANNABIS COMPANY, LLC- DERBY RD RETAIL","$36,573.57","$36,389.99",$183.58,245 Derby Rd,Sunland Park,NM,88063,August,2025,
FIELDS OF DREAMS - SUNLAND PARK RETAIL,"$1,156,727.30","$1,145,777.29","$10,950.01",159 Sunland Park Dr,Sunland Park,NM,88063,August,2025,
EVEREST APOTHECARY,"$82,115.65","$78,226.13","$3,889.52",1580 Appaloosa Dr Ste 320,Sunland Park,NM,88063,August,2025,
DISPENSARY NEAR ME SUNLAND PARK LLC- MCNUTT RETAIL/CONSUMPTION,"$65,045.27","$60,347.66","$4,697.61",1290 McNutt Rd,Sunland Park,NM,88063,August,2025,
CHADCOR HOLDINGS NM- RETAIL,"$299,700.26","$286,300.35","$13,399.91", 1621 Appaloosa Dr,Sunland Park,NM,88063,August,2025,
"CHADCOR HOLDINGS NM, LLC","$1,084,654.47","$1,036,047.13","$48,607.34",1615 Appaloosa Dr,Sunland Park,NM,88063,August,2025,
BLUE WHALE SUNLAND - APPALOOSA ST RETAIL,"$721,752.96","$674,810.24","$46,942.72",1500 Appaloosa St Suite B,Sunland Park,NM,88063,August,2025,
BESOS LLC/ RETAIL FUTURITY DR,"$50,071.80","$48,359.81","$1,711.99",1805 Futurity Dr,Sunland Park,NM,88603,August,2025,
APOGEE THERAPEUTICS LLC - RETAIL/CONSUMPTION,"$37,841.02","$36,340.70","$1,500.32",1769 Victory Ln,Sunland Park,NM,88063,August,2025,
ST CANAPA LLC - MCNUTT RD RETAIL,"$19,614.80","$18,777.68",$837.12,5305 McNutt Rd,Santa Teresa,NM,88008,August,2025,
HI LIFE DISPENSARY LLC - MCNUTT RD - RETAIL,"$31,001.85","$26,188.25","$4,813.60",5620 McNutt Rd,Santa Teresa,NM,88008,August,2025,
GARDEN OF DREAMS CANNABIS LLC,"$32,551.71","$30,177.31","$2,374.40",5300 Mcnutt Rd,Santa Teresa,NM,88008,August,2025,
FRESHIES LLC/ RETAIL MCNUTT RD,"$44,022.06","$38,652.63","$5,369.43",5325 McNutt Rd,Santa Teresa,NM,88008,August,2025,
TOP OF THE 8TH LLC - ANTHONY DRIVE RETAIL,"$71,925.03","$59,141.48","$12,783.55",401 Anthony Dr Ste B,Anthony,NM,88021,August,2025,
THE GREEN MATRIX - S HIGHWAY 28 RETAIL,"$27,940.57","$22,324.55","$5,616.02",3100 S Highway 28,Anthony,NM,88021,August,2025,
"RMC NM, INC - ANTHONY RETAIL","$97,029.40","$82,100.18","$14,929.22",138 Anthony Dr,Anthony,NM,88021,August,2025,
RH AND MC LLC - MILLER ST RETAIL,"$26,050.64","$19,986.97","$6,063.67",103 Miller St,Anthony,NM,88021,August,2025,
"KUSHOLOGY 101 LLC - OHARA RD, RETAIL","$21,939.22","$20,531.39","$1,407.83",1600 E OHara Rd,Anthony,NM,88021,August,2025,
STATELINE CANNABIS NM LLC-STEPHANIE RETAIL/CONS,"$29,006.99","$27,806.13","$1,200.86",101 Stephanie,Chaparral,NM,880081,August,2025,
STATELINE CANNABIS NM LLC - ARCH ANGEL WAY RETAILER/CONSUMPTION,"$178,630.08","$176,451.11","$2,178.97",100 Arch Angel Way,Chaparral,NM,88081,August,2025,
R R HEMPIRE LLC - ANGELINA BLVD RETAIL,"$10,566.41","$10,042.25",$524.16,101 Angelina Blvd,Chaparral,NM,88081,August,2025,
MEDD LLC - PALOMA BLANCA RETAIL,"$85,245.77","$81,641.78","$3,603.99",170 McCombs,Chaparral,NM,88081,August,2025,
HOUSE OF FLOWERS ON THE BORDER LLC - MANU,$8.18,,$8.18,1042 State Line,Chaparral,NM,88081,August,2025,
GROTH INDUSTRIES LLC - SCHNEBERGER DR RETIAL,"$8,137.35","$7,172.14",$965.21,140 Schneberger Dr,Chaparral,NM,88081,August,2025,
"GREEN THERAPY DISPENSARY, LLC","$428,476.41","$397,923.88","$30,552.53","460 County Line Drive, Space F",Chaparral,NM,88081,August,2025,
GANJIKA GARDENS LLC/ RETAIL RILEY WAY,"$20,043.72","$18,510.28","$1,533.44",1245 Riley Way,Chaparral,NM,88081,August,2025,
ASTRO BUDS LLC - MCCOMBS RD RETAIL,"$211,913.63","$197,622.90","$14,290.73",308 McCombs Rd Spc 2,Chaparral,NM,88081,August,2025,
AREA 54 DISPENSARY LLC- ANGELINA BLVD RETAIL,"$17,511.86","$16,016.05","$1,495.81",764 Angelina blvd,Chaparral,NM,88081,August,2025,
575 CANNABIS LLC- RETAIL 305 S COUNTY LINE,"$6,870.00","$6,485.90",$384.10,305 S County Line Dr,Chaparral,NM,88081,August,2025,
HOUSE OF FLOWERS ON THE BORDER LLC - RETAIL,"$74,748.36","$70,770.34","$3,978.02",1042 State Line,Chapparal,NM,88081,August,2025,
Licensee,Address,City,State,Zip, Medical Sales , Adult-Use Sales , Total Sales ,,,
575 CANNABIS LLC- RETAIL 305 S COUNTY LINE,305 S County Line Dr,Chaparral,NM,88081,"$1,264.14","$8,211.43","$9,475.57",September,2025,
APOGEE THERAPEUTICS LLC - RETAIL/CONSUMPTION,1769 Victory Ln,Sunland Park,NM,88063,"$2,855.05","$42,688.29","$45,543.34",September,2025,
AREA 54 DISPENSARY LLC- ANGELINA BLVD RETAIL,764 Angelina blvd,Chaparral,NM,88081,"$2,682.62","$20,939.15","$23,621.77",September,2025,
ASTRO BUDS LLC - MCCOMBS RD RETAIL,308 McCombs Rd Spc 2,Chaparral,NM,88081,"$10,785.48","$177,562.82","$188,348.30",September,2025,
BESOS LLC/ RETAIL FUTURITY DR,1805 Futurity Dr,Sunland Park,NM,88603,"$1,437.57","$39,896.49","$41,334.06",September,2025,
BLUE WHALE SUNLAND - APPALOOSA ST RETAIL,1500 Appaloosa St Suite B,Sunland Park,NM,88063,"$40,449.86","$599,407.31","$639,857.17",September,2025,
"CHADCOR HOLDINGS NM, LLC",1615 Appaloosa Dr,Sunland Park,NM,88063,"$45,752.44","$939,763.84","$985,516.28",September,2025,
CHADCOR HOLDINGS NM- RETAIL,1621 Appaloosa Dr,Sunland Park,NM,88063,"$11,422.58","$247,715.72","$259,138.30",September,2025,
DIABLO BUDS GROW 1 LLC - APPALOOSA STE 6,1925 Appaloosa Ste 6,Sunland Park,NM,88063,$25.00,$586.82,$611.82,September,2025,
DISPENSARY NEAR ME SUNLAND PARK LLC- MCNUTT RETAIL/CONSUMPTION,1290 McNutt Rd,Sunland Park,NM,88063,"$4,151.24","$58,475.03","$62,626.27",September,2025,
EVEREST APOTHECARY,1580 Appaloosa Dr Ste 320,Sunland Park,NM,88063,"$3,240.77","$67,791.11","$71,031.88",September,2025,
FIELDS OF DREAMS - SUNLAND PARK RETAIL,159 Sunland Park Dr,Sunland Park,NM,88063,"$11,420.65","$1,099,186.43","$1,110,607.08",September,2025,
FRESHIES LLC/ RETAIL MCNUTT RD,5325 McNutt Rd,Santa Teresa,NM,88008,"$4,901.50","$41,784.51","$46,686.01",September,2025,
GANJIKA GARDENS LLC/ RETAIL RILEY WAY,1245 Riley Way,Chaparral,NM,88081,"$1,201.39","$18,032.18","$19,233.57",September,2025,
GARDEN OF DREAMS CANNABIS LLC,5300 Mcnutt Rd,Santa Teresa,NM,88008,"$1,859.74","$34,253.93","$36,113.67",September,2025,
"GREEN LABS CANNABIS COMPANY, LLC- DERBY RD RETAIL",245 Derby Rd,Sunland Park,NM,88063,$214.38,"$31,185.37","$31,399.75",September,2025,
"GREEN THERAPY DISPENSARY, LLC","460 County Line Drive, Space F",Chaparral,NM,88081,"$33,466.02","$437,093.32","$470,559.34",September,2025,
GROTH INDUSTRIES LLC - SCHNEBERGER DR RETIAL,140 Schneberger Dr,Chaparral,NM,88081,"$1,017.77","$7,067.60","$8,085.37",September,2025,
HI LIFE DISPENSARY LLC - MCNUTT RD - RETAIL,5620 McNutt Rd,Santa Teresa,NM,88008,"$6,249.39","$46,440.84","$52,690.23",September,2025,
HOUSE OF FLOWERS ON THE BORDER LLC - MANU,1042 State Line,Chaparral,NM,88081,$8.38,,$8.38,September,2025,
HOUSE OF FLOWERS ON THE BORDER LLC - RETAIL,1042 State Line,Chapparal,NM,88081,"$3,890.37","$73,412.62","$77,302.99",September,2025,
J AND J LOAN COMPANY- MCNUTT RETAIL,1144 McNutt,Sunland Park,NM,88063,$219.43,"$51,180.51","$51,399.94",September,2025,
"KUSHOLOGY 101 LLC - OHARA RD, RETAIL",1600 E OHara Rd,Anthony,NM,88021,$827.73,"$17,907.01","$18,734.74",September,2025,
MEDD LLC - PALOMA BLANCA RETAIL,170 McCombs,Chaparral,NM,88081,"$3,025.95","$76,950.59","$79,976.54",September,2025,
"NEBRO, LLC",1999 Futurity Drive Unit A,Sunland Park,NM,88063,"$3,433.51","$75,935.77","$79,369.28",September,2025,
NEW MEXICO TOP ORGANICS ULTRA HEALTH INC  SUNLAND PARK RETAIL,1155 McNutt Road,Sunland Park,NM,88063,"$5,046.65","$25,131.72","$30,178.37",September,2025,
NUVES LLC - RANCH ROAD RETAIL,101 Maguey Suite 4,Sunland Park,NM,88063,$178.99,"$30,535.90","$30,714.89",September,2025,
OBI WAN CANNABIS LLC,2167 McNutt Rd suite A,Sunland Park,NM,88063,"$1,157.43","$17,313.99","$18,471.42",September,2025,
OLD GODS CANNABIS INC/ RETAIL APPALOOSA UNIT7,1541 Appaloosa Unit 7,Sunland Park,NM,88063,"$2,382.01","$125,245.71","$127,627.72",September,2025,
PECOS VALLEY PRODUCTION INC - APPALOOSA DR RETAIL,1925 Appaloosa Dr,Sunland Park,NM,88063,"$2,356.86","$43,233.47","$45,590.33",September,2025,
PROHIBITION 37 - MCNUTT RD RETAIL,871 McNutt Rd,Sunland Park,NM,88063,"$9,511.89","$93,454.87","$102,966.76",September,2025,
"R GREENLEAF ORGANICS INC/ RETAIL APPALOOSA UNIT 1,2","1541 Appaloosas Unit 1, 2, Crossing Offices",Sunland Park,NM,88063,"$5,826.97","$93,883.90","$99,710.87",September,2025,
RH AND MC LLC - MILLER ST RETAIL,103 Miller St,Anthony,NM,88021,"$5,323.53","$18,972.40","$24,295.93",September,2025,
"RMC NM, INC - ANTHONY RETAIL",138 Anthony Dr,Anthony,NM,88021,"$14,852.58","$82,389.12","$97,241.70",September,2025,
"ROUND HOUSE RESERVE, LLC - MCNUTT DR RETAIL",1165 McNutt Dr Unit C5,Sunland Park,NM,88063,"$1,281.67","$9,459.37","$10,741.04",September,2025,
R R HEMPIRE LLC - ANGELINA BLVD RETAIL,101 Angelina Blvd,Chaparral,NM,88081,$143.70,"$8,374.46","$8,518.16",September,2025,
SCORE 420 - MCNUTT RETAIL,2355 McNutt Road,Sunland Park,NM,88063,"$4,596.80","$59,032.70","$63,629.50",September,2025,
STATELINE CANNABIS NM LLC - ARCH ANGEL WAY RETAILER/CONSUMPTION,100 Arch Angel Way,Chaparral,NM,88081,"$2,564.77","$183,410.07","$185,974.84",September,2025,
STATELINE CANNABIS NM LLC-STEPHANIE RETAIL/CONS,101 Stephanie,Chaparral,NM,880081,"$1,151.69","$29,297.27","$30,448.96",September,2025,
ST CANAPA LLC - MCNUTT RD RETAIL,5305 McNutt Rd,Santa Teresa,NM,88008,$814.81,"$14,061.56","$14,876.37",September,2025,
SUNLAND MCNUTT GROUP LLC- MCNUTT RD RETAIL,1051 McNutt Rd,Sunland Park,NM,88063,"$32,070.28","$890,310.56","$922,380.84",September,2025,
SUNSHINE ESSENTIALS/ RETAIL MCNUTT,267 Anapra Rd,Sunland Park,NM,88063,$818.01,"$3,193.85","$4,011.86",September,2025,
TOKE IT UP DISPENSARY AND LOUNGE LLC- FUTURITY DRIVE RETAIL,1999 Futurity Drive,Sunland Park,NM,88063,$246.26,"$2,750.20","$2,996.46",September,2025,
TOP OF THE 8TH LLC - ANTHONY DRIVE RETAIL,401 Anthony Dr Ste B,Anthony,NM,88021,"$11,954.74","$53,354.67","$65,309.41",September,2025,
Licensee,Address,City,State,Zip, Medical Sales , Adult-Use Sales , Total Sales ,,,
TOKE IT UP DISPENSARY AND LOUNGE LLC- FUTURITY DRIVE RETAIL,1999 Futurity Drive,Sunland Park,NM,88063,$529.78,"$8,396.23","$8,926.01",October,2025,
SUNSHINE ESSENTIALS/ RETAIL MCNUTT,267 Anapra Rd,Sunland Park,NM,88063,"$1,143.42","$2,884.00","$4,027.42",October,2025,
SUNLAND MCNUTT GROUP LLC- MCNUTT RD RETAIL,1051 McNutt Rd,Sunland Park,NM,88063,"$39,147.04","$1,033,030.97","$1,072,178.01",October,2025,
SCORE 420 - MCNUTT RETAIL,2355 McNutt Road,Sunland Park,NM,88063,"$4,435.47","$60,437.31","$64,872.78",October,2025,
"ROUND HOUSE RESERVE, LLC - MCNUTT DR RETAIL",1165 McNutt Dr Unit C5,Sunland Park,NM,88063,"$2,235.32","$15,993.22","$18,228.54",October,2025,
"R GREENLEAF ORGANICS INC/ RETAIL APPALOOSA UNIT 1,2","1541 Appaloosas Unit 1, 2, Crossing Offices",Sunland Park,NM,88063,"$5,773.51","$99,046.29","$104,819.80",October,2025,
PROHIBITION 37 - MCNUTT RD RETAIL,871 McNutt Rd,Sunland Park,NM,88063,"$10,903.74","$103,183.88","$114,087.62",October,2025,
PECOS VALLEY PRODUCTION INC - APPALOOSA DR RETAIL,1925 Appaloosa Dr,Sunland Park,NM,88063,"$2,385.16","$48,155.12","$50,540.28",October,2025,
OLD GODS CANNABIS INC/ RETAIL APPALOOSA UNIT7,1541 Appaloosa Unit 7,Sunland Park,NM,88063,"$3,834.01","$144,301.07","$148,135.08",October,2025,
OBI WAN CANNABIS LLC,2167 McNutt Rd suite A,Sunland Park,NM,88063,$208.04,"$20,143.00","$20,351.04",October,2025,
NUVES LLC - RANCH ROAD RETAIL,101 Maguey Suite 4,Sunland Park,NM,88063,$283.05,"$30,385.47","$30,668.52",October,2025,
NEW MEXICO TOP ORGANICS ULTRA HEALTH INC  SUNLAND PARK RETAIL,1155 McNutt Road,Sunland Park,NM,88063,"$5,893.95","$31,668.82","$37,562.77",October,2025,
"NEBRO, LLC",1999 Futurity Drive Unit A,Sunland Park,NM,88063,"$2,830.11","$89,977.67","$92,807.78",October,2025,
J AND J LOAN COMPANY- MCNUTT RETAIL,1144 McNutt,Sunland Park,NM,88063,$291.25,"$58,575.87","$58,867.12",October,2025,
"GREEN LABS CANNABIS COMPANY, LLC- DERBY RD RETAIL",245 Derby Rd,Sunland Park,NM,88063,$149.98,"$29,787.44","$29,937.42",October,2025,
FIELDS OF DREAMS - SUNLAND PARK RETAIL,159 Sunland Park Dr,Sunland Park,NM,88063,"$11,530.56","$1,187,766.22","$1,199,296.78",October,2025,
EVEREST APOTHECARY,1580 Appaloosa Dr Ste 320,Sunland Park,NM,88063,"$2,428.86","$67,534.18","$69,963.04",October,2025,
DISPENSARY NEAR ME SUNLAND PARK LLC- MCNUTT RETAIL/CONSUMPTION,1290 McNutt Rd,Sunland Park,NM,88063,"$3,480.85","$54,157.45","$57,638.30",October,2025,
DIABLO BUDS GROW 1 LLC - APPALOOSA STE 6,1925 Appaloosa Ste 6,Sunland Park,NM,88063,,"$3,319.17","$3,319.17",October,2025,
CHADCOR HOLDINGS NM- RETAIL,1621 Appaloosa Dr,Sunland Park,NM,88063,"$15,698.97","$266,887.91","$282,586.88",October,2025,
"CHADCOR HOLDINGS NM, LLC",1615 Appaloosa Dr,Sunland Park,NM,88063,"$41,153.59","$972,985.11","$1,014,138.70",October,2025,
BLUE WHALE SUNLAND - APPALOOSA ST RETAIL,1500 Appaloosa St Suite B,Sunland Park,NM,88063,"$40,690.08","$603,638.50","$644,328.58",October,2025,
BESOS LLC/ RETAIL FUTURITY DR,1805 Futurity Dr,Sunland Park,NM,88603,"$1,041.12","$46,752.80","$47,793.92",October,2025,
APOGEE THERAPEUTICS LLC - RETAIL/CONSUMPTION,1769 Victory Ln,Sunland Park,NM,88063,"$2,092.43","$45,661.17","$47,753.60",October,2025,
ST CANAPA LLC - MCNUTT RD RETAIL,5305 McNutt Rd,Santa Teresa,NM,88008,$238.08,"$11,779.80","$12,017.88",October,2025,
HI LIFE DISPENSARY LLC - MCNUTT RD - RETAIL,5620 McNutt Rd,Santa Teresa,NM,88008,"$9,022.36","$46,278.16","$55,300.52",October,2025,
GARDEN OF DREAMS CANNABIS LLC,5300 Mcnutt Rd,Santa Teresa,NM,88008,"$1,554.45","$31,243.90","$32,798.35",October,2025,
FRESHIES LLC/ RETAIL MCNUTT RD,5325 McNutt Rd,Santa Teresa,NM,88008,"$4,510.58","$45,360.00","$49,870.58",October,2025,
TOP OF THE 8TH LLC - ANTHONY DRIVE RETAIL,401 Anthony Dr Ste B,Anthony,NM,88021,"$15,170.33","$54,663.92","$69,834.25",October,2025,
"RMC NM, INC - ANTHONY RETAIL",138 Anthony Dr,Anthony,NM,88021,"$14,855.48","$92,858.43","$107,713.91",October,2025,
RH AND MC LLC - MILLER ST RETAIL,103 Miller St,Anthony,NM,88021,"$6,209.38","$18,380.80","$24,590.17",October,2025,
"KUSHOLOGY 101 LLC - OHARA RD, RETAIL",1600 E OHara Rd,Anthony,NM,88021,"$1,063.13","$17,898.95","$18,962.08",October,2025,
STATELINE CANNABIS NM LLC-STEPHANIE RETAIL/CONS,101 Stephanie,Chaparral,NM,880081,"$2,409.52","$36,743.60","$39,153.12",October,2025,
STATELINE CANNABIS NM LLC - ARCH ANGEL WAY RETAILER/CONSUMPTION,100 Arch Angel Way,Chaparral,NM,88081,"$2,690.41","$183,611.42","$186,301.83",October,2025,
R R HEMPIRE LLC - ANGELINA BLVD RETAIL,101 Angelina Blvd,Chaparral,NM,88081,$220.48,"$7,591.37","$7,811.85",October,2025,
MEDD LLC - PALOMA BLANCA RETAIL,170 McCombs,Chaparral,NM,88081,"$2,808.04","$76,902.90","$79,710.94",October,2025,
GROTH INDUSTRIES LLC - SCHNEBERGER DR RETIAL,140 Schneberger Dr,Chaparral,NM,88081,"$1,592.05","$9,945.81","$11,537.86",October,2025,
"GREEN THERAPY DISPENSARY, LLC","460 County Line Drive, Space F",Chaparral,NM,88081,"$27,972.01","$463,366.41","$491,338.42",October,2025,
GANJIKA GARDENS LLC/ RETAIL RILEY WAY,1245 Riley Way,Chaparral,NM,88081,"$1,707.16","$20,484.30","$22,191.46",October,2025,
ASTRO BUDS LLC - MCCOMBS RD RETAIL,308 McCombs Rd Spc 2,Chaparral,NM,88081,"$12,683.02","$170,563.37","$183,246.39",October,2025,
AREA 54 DISPENSARY LLC- ANGELINA BLVD RETAIL,764 Angelina blvd,Chaparral,NM,88081,"$1,944.11","$20,977.10","$22,921.21",October,2025,
575 CANNABIS LLC- RETAIL 305 S COUNTY LINE,305 S County Line Dr,Chaparral,NM,88081,"$1,011.40","$8,585.62","$9,597.02",October,2025,
HOUSE OF FLOWERS ON THE BORDER LLC - RETAIL,1042 State Line,Chapparal,NM,88081,"$4,616.88","$79,094.04","$83,710.92",October,2025,
Licensee,Address,City,State,Zip, Medical Sales , Adult-Use Sales , Total Sales ,,,
URBAN WELLNESS - APPALOOSA DR RETAILER,1500 Appaloosa Dr Bldg A Ste 140,Sunland Park,NM,88063,"$1,227.97","$13,861.76","$15,089.73",November,2025,
TOKE IT UP DISPENSARY AND LOUNGE LLC- FUTURITY DRIVE RETAIL,1999 Futurity Drive,Sunland Park,NM,88063,"$2,123.36","$9,403.81","$11,527.17",November,2025,
SUNSHINE ESSENTIALS/ RETAIL MCNUTT,267 Anapra Rd,Sunland Park,NM,88063,$703.94,"$2,242.72","$2,946.67",November,2025,
SUNLAND MCNUTT GROUP LLC- MCNUTT RD RETAIL,1051 McNutt Rd,Sunland Park,NM,88063,"$42,995.06","$1,185,077.40","$1,228,072.46",November,2025,
SCORE 420 - MCNUTT RETAIL,2355 McNutt Road,Sunland Park,NM,88063,"$3,912.87","$50,083.41","$53,996.28",November,2025,
"ROUND HOUSE RESERVE, LLC - MCNUTT DR RETAIL",1165 McNutt Dr Unit C5,Sunland Park,NM,88063,"$1,870.54","$15,196.25","$17,066.79",November,2025,
"R GREENLEAF ORGANICS INC/ RETAIL APPALOOSA UNIT 1,2","1541 Appaloosas Unit 1, 2, Crossing Offices",Sunland Park,NM,88063,"$5,875.03","$86,306.76","$92,181.79",November,2025,
PROHIBITION 37 - MCNUTT RD RETAIL,871 McNutt Rd,Sunland Park,NM,88063,"$10,616.18","$92,868.57","$103,484.75",November,2025,
PECOS VALLEY PRODUCTION INC - APPALOOSA DR RETAIL,1925 Appaloosa Dr,Sunland Park,NM,88063,"$3,693.92","$60,869.42","$64,563.34",November,2025,
OLD GODS CANNABIS INC/ RETAIL APPALOOSA UNIT7,1541 Appaloosa Unit 7,Sunland Park,NM,88063,"$3,661.00","$137,649.77","$141,310.77",November,2025,
OCC ABQ LLC- N GRAND AVE,2201 N Grand Ave,Sunland Park,NM,87701,"$86,818.18","$124,924.92","$211,743.10",November,2025,
OBI WAN CANNABIS LLC,2167 McNutt Rd suite A,Sunland Park,NM,88063,$638.41,"$16,874.27","$17,512.68",November,2025,
NUVES LLC - RANCH ROAD RETAIL,101 Maguey Suite 4,Sunland Park,NM,88063,$170.79,"$28,665.00","$28,835.79",November,2025,
NEW MEXICO TOP ORGANICS ULTRA HEALTH INC  SUNLAND PARK RETAIL,1155 McNutt Road,Sunland Park,NM,88063,"$5,638.07","$29,899.64","$35,537.71",November,2025,
NEWBERRY FARMS LLC - MCNUTT RD. RETAIL,1845 McNutt Rd,Sunland Park,NM,88063,$103.63,"$3,698.43","$3,802.06",November,2025,
"NEBRO, LLC",1999 Futurity Drive Unit A,Sunland Park,NM,88063,"$2,888.08","$90,175.68","$93,063.76",November,2025,
J AND J LOAN COMPANY- MCNUTT RETAIL,1144 McNutt,Sunland Park,NM,88063,$109.43,"$56,831.34","$56,940.77",November,2025,
"GREEN LABS CANNABIS COMPANY, LLC- DERBY RD RETAIL",245 Derby Rd,Sunland Park,NM,88063,$142.75,"$25,283.42","$25,426.17",November,2025,
FIELDS OF DREAMS - SUNLAND PARK RETAIL,159 Sunland Park Dr,Sunland Park,NM,88063,"$11,991.48","$1,191,451.05","$1,203,442.53",November,2025,
EVEREST APOTHECARY,1580 Appaloosa Dr Ste 320,Sunland Park,NM,88063,"$3,727.33","$67,280.08","$71,007.41",November,2025,
DISPENSARY NEAR ME SUNLAND PARK LLC- MCNUTT RETAIL/CONSUMPTION,1290 McNutt Rd,Sunland Park,NM,88063,"$2,881.13","$57,113.16","$59,994.29",November,2025,
DIABLO BUDS GROW 1 LLC - APPALOOSA STE 6,1925 Appaloosa Ste 6,Sunland Park,NM,88063,,"$4,793.05","$4,793.05",November,2025,
CHADCOR HOLDINGS NM- RETAIL,1621 Appaloosa Dr,Sunland Park,NM,88063,"$14,684.36","$291,148.07","$305,832.43",November,2025,
"CHADCOR HOLDINGS NM, LLC",1615 Appaloosa Dr,Sunland Park,NM,88063,"$42,967.10","$1,002,422.46","$1,045,389.56",November,2025,
BLUE WHALE SUNLAND - APPALOOSA ST RETAIL,1500 Appaloosa St Suite B,Sunland Park,NM,88063,"$45,059.36","$628,587.67","$673,647.03",November,2025,
BESOS LLC/ RETAIL FUTURITY DR,1805 Futurity Dr,Sunland Park,NM,88603,"$1,014.15","$44,591.02","$45,605.17",November,2025,
APOGEE THERAPEUTICS LLC - RETAIL/CONSUMPTION,1769 Victory Ln,Sunland Park,NM,88063,"$2,393.46","$45,377.57","$47,771.03",November,2025,
TOP OF THE 8TH LLC - ANTHONY DRIVE RETAIL,401 Anthony Dr Ste B,Anthony,NM,88021,"$15,492.42","$48,539.62","$64,032.04",November,2025,
"RMC NM, INC - ANTHONY RETAIL",138 Anthony Dr,Anthony,NM,88021,"$15,184.15","$87,149.95","$102,334.10",November,2025,
RH AND MC LLC - MILLER ST RETAIL,103 Miller St,Anthony,NM,88021,"$3,931.51","$17,059.83","$20,991.34",November,2025,
"KUSHOLOGY 101 LLC - OHARA RD, RETAIL",1600 E OHara Rd,Anthony,NM,88021,$468.25,"$15,158.66","$15,626.91",November,2025,
STATELINE CANNABIS NM LLC-STEPHANIE RETAIL/CONS,101 Stephanie,Chaparral,NM,880081,$964.01,"$12,043.26","$13,007.27",November,2025,
STATELINE CANNABIS NM LLC - ARCH ANGEL WAY RETAILER/CONSUMPTION,100 Arch Angel Way,Chaparral,NM,88081,"$2,086.76","$178,727.22","$180,813.98",November,2025,
R R HEMPIRE LLC - ANGELINA BLVD RETAIL,101 Angelina Blvd,Chaparral,NM,88081,$62.00,"$6,362.71","$6,424.71",November,2025,
MEDD LLC - PALOMA BLANCA RETAIL,170 McCombs,Chaparral,NM,88081,"$2,729.07","$72,987.71","$75,716.78",November,2025,
GROTH INDUSTRIES LLC - SCHNEBERGER DR RETIAL,140 Schneberger Dr,Chaparral,NM,88081,"$2,149.33","$20,585.49","$22,734.82",November,2025,
"GREEN THERAPY DISPENSARY, LLC","460 County Line Drive, Space F",Chaparral,NM,88081,"$32,178.00","$467,497.81","$499,675.81",November,2025,
GANJIKA GARDENS LLC/ RETAIL RILEY WAY,1245 Riley Way,Chaparral,NM,88081,"$1,774.16","$18,798.46","$20,572.62",November,2025,
ASTRO BUDS LLC - MCCOMBS RD RETAIL,308 McCombs Rd Spc 2,Chaparral,NM,88081,"$11,651.87","$164,887.74","$176,539.61",November,2025,
AREA 54 DISPENSARY LLC- ANGELINA BLVD RETAIL,764 Angelina blvd,Chaparral,NM,88081,"$2,498.85","$19,955.60","$22,454.45",November,2025,
575 CANNABIS LLC- RETAIL 305 S COUNTY LINE,305 S County Line Dr,Chaparral,NM,88081,$438.59,"$8,297.84","$8,736.43",November,2025,
HOUSE OF FLOWERS ON THE BORDER LLC - RETAIL,1042 State Line,Chapparal,NM,88081,"$5,196.76","$81,570.42","$86,767.18",November,2025,
ST CANAPA LLC - MCNUTT RD RETAIL,5305 McNutt Rd,Santa Teresa,NM,88008,$527.04,"$13,619.51","$14,146.55",November,2025,
HI LIFE DISPENSARY LLC - MCNUTT RD - RETAIL,5620 McNutt Rd,Santa Teresa,NM,88008,"$7,855.08","$49,814.19","$57,669.27",November,2025,
GARDEN OF DREAMS CANNABIS LLC,5300 Mcnutt Rd,Santa Teresa,NM,88008,"$1,432.68","$31,815.95","$33,248.63",November,2025,
FRESHIES LLC/ RETAIL MCNUTT RD,5325 McNutt Rd,Santa Teresa,NM,88008,"$3,838.49","$43,123.20","$46,961.69",November,2025,
Licensee,Address,City,State,Zip, Medical Sales , Adult-Use Sales , Total Sales ,,,
575 CANNABIS LLC- RETAIL 305 S COUNTY LINE,305 S County Line Dr,Chaparral,NM,88081,$514.82,"$7,466.33","$7,981.15",December,2025,
APOGEE THERAPEUTICS LLC - RETAIL,1769 Victory Ln,Sunland Park,NM,88063,"$2,465.55","$37,397.27","$39,862.82",December,2025,
AREA 54 DISPENSARY LLC- ANGELINA BLVD RETAIL,764 Angelina blvd,Chaparral,NM,88081,"$3,198.10","$19,524.68","$22,722.78",December,2025,
ASTRO BUDS LLC - MCCOMBS RD RETAIL,308 McCombs Rd Spc 2,Chaparral,NM,88081,"$10,230.49","$165,699.40","$175,929.89",December,2025,
BESOS LLC/ RETAIL FUTURITY DR,1805 Futurity Dr,Sunland Park,NM,88603,"$1,398.03","$43,056.97","$44,455.00",December,2025,
BLUE WHALE SUNLAND - APPALOOSA ST RETAIL,1500 Appaloosa St Suite B,Sunland Park,NM,88063,"$41,395.49","$647,866.18","$689,261.67",December,2025,
"CHADCOR HOLDINGS NM, LLC",1615 Appaloosa Dr,Sunland Park,NM,88063,"$41,599.49","$1,017,731.95","$1,059,331.44",December,2025,
CHADCOR HOLDINGS NM- RETAIL,1621 Appaloosa Dr,Sunland Park,NM,88063,"$11,760.95","$283,417.04","$295,177.99",December,2025,
DIABLO BUDS GROW 1 LLC - APPALOOSA STE 6,1925 Appaloosa Ste 6,Sunland Park,NM,88063,$6.00,"$9,627.22","$9,633.22",December,2025,
DISPENSARY NEAR ME SUNLAND PARK LLC- MCNUTT RETAIL/CONSUMPTION,1290 McNutt Rd,Sunland Park,NM,88063,"$4,527.01","$69,636.03","$74,163.04",December,2025,
EVEREST APOTHECARY,1580 Appaloosa Dr Ste 320,Sunland Park,NM,88063,"$3,739.26","$72,922.32","$76,661.58",December,2025,
FIELDS OF DREAMS - SUNLAND PARK RETAIL,159 Sunland Park Dr,Sunland Park,NM,88063,"$13,629.25","$1,266,953.79","$1,280,583.04",December,2025,
FRESHIES LLC/ RETAIL MCNUTT RD,5325 McNutt Rd,Santa Teresa,NM,88008,"$4,488.45","$46,061.79","$50,550.24",December,2025,
GANJIKA GARDENS LLC/ RETAIL RILEY WAY,1245 Riley Way,Chaparral,NM,88081,"$1,450.09","$18,569.00","$20,019.09",December,2025,
GARDEN OF DREAMS CANNABIS LLC,5300 Mcnutt Rd,Santa Teresa,NM,88008,"$2,153.70","$34,670.35","$36,824.05",December,2025,
"GREEN LABS CANNABIS COMPANY, LLC- DERBY RD RETAIL",245 Derby Rd,Sunland Park,NM,88063,$50.85,"$22,689.13","$22,739.98",December,2025,
"GREEN THERAPY DISPENSARY, LLC","460 County Line Drive, Space F",Chaparral,NM,88081,"$34,233.00","$510,508.11","$544,741.11",December,2025,
GROTH INDUSTRIES LLC - SCHNEBERGER DR RETIAL,140 Schneberger Dr,Chaparral,NM,88081,"$2,951.94","$31,501.15","$34,453.09",December,2025,
HI LIFE DISPENSARY LLC - MCNUTT RD - RETAIL,5620 McNutt Rd,Santa Teresa,NM,88008,"$6,587.45","$52,177.51","$58,764.96",December,2025,
HOUSE OF FLOWERS ON THE BORDER LLC - RETAIL,1042 State Line,Chapparal,NM,88081,"$5,660.40","$89,718.16","$95,378.56",December,2025,
J AND J LOAN COMPANY- MCNUTT RETAIL,1144 McNutt,Sunland Park,NM,88063,$750.50,"$52,265.89","$53,016.39",December,2025,
"KUSHOLOGY 101 LLC - OHARA RD, RETAIL",1600 E OHara Rd,Anthony,NM,88021,$375.46,"$12,877.26","$13,252.72",December,2025,
MEDD LLC - PALOMA BLANCA RETAIL,170 McCombs,Chaparral,NM,88081,"$2,987.03","$73,431.57","$76,418.60",December,2025,
"NEBRO, LLC",1999 Futurity Drive Unit A,Sunland Park,NM,88063,"$2,928.50","$85,655.16","$88,583.66",December,2025,
NEWBERRY FARMS LLC - MCNUTT RD. RETAIL,1845 McNutt Rd,Sunland Park,NM,88063,$159.53,"$5,837.38","$5,996.91",December,2025,
NEW MEXICO TOP ORGANICS ULTRA HEALTH INC  SUNLAND PARK RETAIL,1155 McNutt Road,Sunland Park,NM,88063,"$5,456.24","$28,959.36","$34,415.60",December,2025,
NUVES LLC - RANCH ROAD RETAIL,101 Maguey Suite 4,Sunland Park,NM,88063,$120.00,"$27,657.64","$27,777.64",December,2025,
OBI WAN CANNABIS LLC,2167 McNutt Rd suite A,Sunland Park,NM,88063,"$1,215.23","$14,496.66","$15,711.89",December,2025,
OLD GODS CANNABIS INC/ RETAIL APPALOOSA UNIT7,1541 Appaloosa Unit 7,Sunland Park,NM,88063,"$3,462.00","$134,135.87","$137,597.87",December,2025,
PECOS VALLEY PRODUCTION INC - APPALOOSA DR RETAIL,1925 Appaloosa Dr,Sunland Park,NM,88063,"$5,961.60","$62,307.43","$68,269.03",December,2025,
PROHIBITION 37 - MCNUTT RD RETAIL,871 McNutt Rd,Sunland Park,NM,88063,"$10,823.08","$98,275.31","$109,098.39",December,2025,
PURLIFE - 900 COUNTRY CLUB RD RETAIL,900 Country Club Rd,Sunland Park,NM,88008,"$4,096.02","$37,023.54","$41,119.56",December,2025,
"R GREENLEAF ORGANICS INC/ RETAIL APPALOOSA UNIT 1,2","1541 Appaloosas Unit 1, 2, Crossing Offices",Sunland Park,NM,88063,"$6,721.52","$87,981.11","$94,702.63",December,2025,
RH AND MC LLC - MILLER ST RETAIL,103 Miller St,Anthony,NM,88021,"$3,340.35","$17,093.67","$20,434.02",December,2025,
"RMC NM, INC - ANTHONY RETAIL",138 Anthony Dr,Anthony,NM,88021,"$15,163.51","$94,006.70","$109,170.21",December,2025,
"ROUND HOUSE RESERVE, LLC - MCNUTT DR RETAIL",1165 McNutt Dr Unit C5,Sunland Park,NM,88063,"$1,131.54","$12,251.39","$13,382.93",December,2025,
R R HEMPIRE LLC - ANGELINA BLVD RETAIL,101 Angelina Blvd,Chaparral,NM,88081,$61.01,"$5,665.65","$5,726.66",December,2025,
SCORE 420 - MCNUTT RETAIL,2355 McNutt Road,Sunland Park,NM,88063,"$3,672.05","$55,191.10","$58,863.15",December,2025,
STATELINE CANNABIS NM LLC - ARCH ANGEL WAY RETAILER/CONSUMPTION,100 Arch Angel Way,Chaparral,NM,88081,"$2,785.33","$200,060.15","$202,845.48",December,2025,
STATELINE CANNABIS NM LLC-STEPHANIE RETAIL/CONS,101 Stephanie,Chaparral,NM,880081,$164.16,"$2,809.39","$2,973.55",December,2025,
ST CANAPA LLC - MCNUTT RD RETAIL,5305 McNutt Rd,Santa Teresa,NM,88008,$416.37,"$12,708.68","$13,125.05",December,2025,
SUNLAND MCNUTT GROUP LLC- MCNUTT RD RETAIL,1051 McNutt Rd,Sunland Park,NM,88063,"$43,879.66","$1,203,423.19","$1,247,302.85",December,2025,
SUNSHINE ESSENTIALS/ RETAIL MCNUTT,267 Anapra Rd,Sunland Park,NM,88063,$400.85,"$2,623.69","$3,024.54",December,2025,
TOKE IT UP DISPENSARY AND LOUNGE LLC- FUTURITY DRIVE RETAIL,1999 Futurity Drive,Sunland Park,NM,88063,"$1,825.15","$9,808.84","$11,633.99",December,2025,
TOP OF THE 8TH LLC - ANTHONY DRIVE RETAIL,401 Anthony Dr Ste B,Anthony,NM,88021,"$13,667.71","$51,183.33","$64,851.04",December,2025,
URBAN WELLNESS - APPALOOSA DR RETAILER,1500 Appaloosa Dr Bldg A Ste 140,Sunland Park,NM,88063,"$2,887.51","$61,084.80","$63,972.31",December,2025,
Licensee,Address,City,State,Zip,Medical Sales,Adult-Use Sales,Total Sales,,,
575 CANNABIS LLC- RETAIL 305 S COUNTY LINE,305 S County Line Dr,Chaparral,NM,88081,$477.62,"$5,604.16","$6,081.78",January,2026,
APOGEE THERAPEUTICS LLC - RETAIL,1769 Victory Ln,Sunland Park,NM,88063,"$2,542.07","$36,058.57","$38,600.64",January,2026,
AREA 54 DISPENSARY LLC- ANGELINA BLVD RETAIL,764 Angelina blvd,Chaparral,NM,88081,"$3,013.46","$19,641.94","$22,655.40",January,2026,
ASTRO BUDS LLC - MCCOMBS RD RETAIL,308 McCombs Rd Spc 2,Chaparral,NM,88081,"$7,902.85","$160,207.14","$168,109.99",January,2026,
BESOS LLC/ RETAIL FUTURITY DR,1805 Futurity Dr,Sunland Park,NM,88603,"$1,723.99","$36,439.46","$38,163.45",January,2026,
BLUE WHALE SUNLAND - APPALOOSA ST RETAIL,1500 Appaloosa St Suite B,Sunland Park,NM,88063,"$44,844.39","$650,009.43","$694,853.82",January,2026,
"CHADCOR HOLDINGS NM, LLC",1615 Appaloosa Dr,Sunland Park,NM,88063,"$35,545.26","$963,522.23","$999,067.49",January,2026,
CHADCOR HOLDINGS NM- RETAIL,1621 Appaloosa Dr,Sunland Park,NM,88063,"$13,655.85","$268,963.87","$282,619.72",January,2026,
DIABLO BUDS GROW 1 LLC - APPALOOSA STE 6,1925 Appaloosa Ste 6,Sunland Park,NM,88063,$24.00,"$8,479.27","$8,503.27",January,2026,
DISPENSARY NEAR ME SUNLAND PARK LLC- MCNUTT RETAIL/CONSUMPTION,1290 McNutt Rd,Sunland Park,NM,88063,"$3,321.75","$64,337.31","$67,659.06",January,2026,
EVEREST APOTHECARY,1580 Appaloosa Dr Ste 320,Sunland Park,NM,88063,"$5,195.36","$71,395.57","$76,590.93",January,2026,
FIELDS OF DREAMS - SUNLAND PARK RETAIL,159 Sunland Park Dr,Sunland Park,NM,88063,"$10,724.46","$1,193,081.15","$1,203,805.61",January,2026,
FRESHIES LLC/ RETAIL MCNUTT RD,5325 McNutt Rd,Santa Teresa,NM,88008,"$2,909.75","$37,979.44","$40,889.19",January,2026,
GANJIKA GARDENS LLC/ RETAIL RILEY WAY,1245 Riley Way,Chaparral,NM,88081,"$1,553.88","$18,099.72","$19,653.60",January,2026,
GARDEN OF DREAMS CANNABIS LLC,5300 Mcnutt Rd,Santa Teresa,NM,88008,"$3,470.02","$31,819.80","$35,289.82",January,2026,
"GREEN LABS CANNABIS COMPANY, LLC- DERBY RD RETAIL",245 Derby Rd,Sunland Park,NM,88063,$105.05,"$21,465.59","$21,570.64",January,2026,
"GREEN THERAPY DISPENSARY, LLC","460 County Line Drive, Space F",Chaparral,NM,88081,"$32,626.00","$489,640.00","$522,266.00",January,2026,
GROTH INDUSTRIES LLC - SCHNEBERGER DR RETIAL,140 Schneberger Dr,Chaparral,NM,88081,"$2,239.44","$30,734.62","$32,974.06",January,2026,
HI LIFE DISPENSARY LLC - MCNUTT RD - RETAIL,5620 McNutt Rd,Santa Teresa,NM,88008,"$9,252.75","$48,893.58","$58,146.33",January,2026,
HOUSE OF FLOWERS ON THE BORDER LLC - RETAIL,1042 State Line,Chapparal,NM,88081,"$6,433.95","$84,920.52","$91,354.47",January,2026,
J AND J LOAN COMPANY- MCNUTT RETAIL,1144 McNutt,Sunland Park,NM,88063,$339.50,"$49,485.68","$49,825.18",January,2026,
"KUSHOLOGY 101 LLC - OHARA RD, RETAIL",1600 E OHara Rd,Anthony,NM,88021,$202.36,"$9,417.33","$9,619.69",January,2026,
MEDD LLC - PALOMA BLANCA RETAIL,170 McCombs,Chaparral,NM,88081,"$2,388.00","$57,839.31","$60,227.31",January,2026,
"NEBRO, LLC",1999 Futurity Drive Unit A,Sunland Park,NM,88063,"$2,301.50","$78,176.77","$80,478.27",January,2026,
NEWBERRY FARMS LLC - MCNUTT RD. RETAIL,1845 McNutt Rd,Sunland Park,NM,88063,$435.78,"$4,945.39","$5,381.17",January,2026,
NEW MEXICO TOP ORGANICS ULTRA HEALTH INC  SUNLAND PARK RETAIL,1155 McNutt Road,Sunland Park,NM,88063,"$5,096.72","$25,603.72","$30,700.44",January,2026,
NUVES LLC - RANCH ROAD RETAIL,101 Maguey Suite 4,Sunland Park,NM,88063,$85.81,"$26,227.25","$26,313.06",January,2026,
OBI WAN CANNABIS LLC,2167 McNutt Rd suite A,Sunland Park,NM,88063,"$1,449.47","$14,554.67","$16,004.14",January,2026,
OLD GODS CANNABIS INC/ RETAIL APPALOOSA UNIT7,1541 Appaloosa Unit 7,Sunland Park,NM,88063,"$4,108.00","$128,291.34","$132,399.34",January,2026,
PECOS VALLEY PRODUCTION INC - APPALOOSA DR RETAIL,1925 Appaloosa Dr,Sunland Park,NM,88063,"$1,676.48","$37,858.57","$39,535.05",January,2026,
PROHIBITION 37 - MCNUTT RD RETAIL,871 McNutt Rd,Sunland Park,NM,88063,"$10,977.14","$93,685.53","$104,662.67",January,2026,
PURLIFE - 900 COUNTRY CLUB RD RETAIL,900 Country Club Rd,Sunland Park,NM,88008,"$6,229.00","$62,695.63","$68,924.63",January,2026,
"R GREENLEAF ORGANICS INC/ RETAIL APPALOOSA UNIT 1,2","1541 Appaloosas Unit 1, 2, Crossing Offices",Sunland Park,NM,88063,"$5,120.62","$88,869.36","$93,989.98",January,2026,
RH AND MC LLC - MILLER ST RETAIL,103 Miller St,Anthony,NM,88021,"$3,855.16","$20,386.00","$24,241.16",January,2026,
"RMC NM, INC - ANTHONY RETAIL",816 Anthony Dr,Anthony,NM,88021,"$10,827.22","$79,636.91","$90,464.13",January,2026,
"ROUND HOUSE RESERVE, LLC - MCNUTT DR RETAIL",1165 McNutt Dr Unit C5,Sunland Park,NM,88063,"$1,155.09","$11,402.33","$12,557.42",January,2026,
R R HEMPIRE LLC - ANGELINA BLVD RETAIL,101 Angelina Blvd,Chaparral,NM,88081,$89.84,"$4,782.34","$4,872.18",January,2026,
SCORE 420 - MCNUTT RETAIL,2355 McNutt Road,Sunland Park,NM,88063,"$3,219.57","$46,362.35","$49,581.92",January,2026,
STATELINE CANNABIS NM LLC - ARCH ANGEL WAY RETAILER/CONSUMPTION,100 Arch Angel Way,Chaparral,NM,88081,"$4,656.35","$201,707.39","$206,363.74",January,2026,
STATELINE CANNABIS NM LLC- STEPHANIE RETAIL,101 Stephanie,Chaparral,NM,88081,$971.69,"$9,364.12","$10,335.81",January,2026,
STATELINE CANNABIS NM LLC-STEPHANIE RETAIL/CONS,101 Stephanie,Chaparral,NM,880081,$20.96,"$2,545.18","$2,566.14",January,2026,
ST CANAPA LLC - MCNUTT RD RETAIL,5305 McNutt Rd,Santa Teresa,NM,88008,$733.14,"$13,251.69","$13,984.83",January,2026,
SUNLAND MCNUTT GROUP LLC- MCNUTT RD RETAIL,1051 McNutt Rd,Sunland Park,NM,88063,"$37,429.79","$1,072,896.34","$1,110,326.13",January,2026,
SUNSHINE ESSENTIALS/ RETAIL MCNUTT,267 Anapra Rd,Sunland Park,NM,88063,$397.53,"$3,279.85","$3,677.39",January,2026,
TOKE IT UP DISPENSARY AND LOUNGE LLC- FUTURITY DRIVE RETAIL,1999 Futurity Drive,Sunland Park,NM,88063,"$1,714.34","$13,716.44","$15,430.78",January,2026,
TOP OF THE 8TH LLC - ANTHONY DRIVE RETAIL,401 Anthony Dr Ste B,Anthony,NM,88021,"$11,735.78","$52,938.48","$64,674.26",January,2026,
URBAN WELLNESS - APPALOOSA DR RETAILER,1500 Appaloosa Dr Bldg A Ste 140,Sunland Park,NM,88063,"$5,652.44","$104,914.73","$110,567.17",January,2026,
,,,,,"$310,431.18","$6,556,128.07","$6,866,559.26",January,2026,
Licensee,Address,City,State,Zip,Medical Sales,Adult-Use Sales,Total Sales,,2026,
575 CANNABIS LLC- RETAIL 305 S COUNTY LINE,305 S County Line Dr,Chaparral,NM,88081,$616.04,"$4,466.14","$5,082.18",February,2026,
APOGEE THERAPEUTICS LLC - RETAIL,1769 Victory Ln,Sunland Park,NM,88063,"$1,404.39","$29,478.89","$30,883.28",February,2026,
AREA 54 DISPENSARY LLC- ANGELINA BLVD RETAIL,764 Angelina blvd,Chaparral,NM,88081,"$4,201.73","$20,140.11","$24,341.84",February,2026,
ASTRO BUDS LLC - APPALOOSA DRIVE CONSUMPTION / RETAIL,1650 Appaloosa Drive,Sunland Park,NM,88063,"$8,479.58","$152,212.48","$160,692.06",February,2026,
ASTRO BUDS LLC - MCCOMBS RD RETAIL,308 McCombs Rd Spc 2,Chaparral,NM,88081,"$6,542.20","$133,738.46","$140,280.66",February,2026,
BESOS LLC/ RETAIL FUTURITY DR,1805 Futurity Dr,Sunland Park,NM,88603,$709.20,"$36,923.77","$37,632.97",February,2026,
BLUE WHALE SUNLAND - APPALOOSA ST RETAIL,1500 Appaloosa St Suite B,Sunland Park,NM,88063,"$44,308.85","$647,802.10","$692,110.95",February,2026,
"CHADCOR HOLDINGS NM, LLC",1615 Appaloosa Dr,Sunland Park,NM,88063,"$30,866.95","$883,715.39","$914,582.34",February,2026,
CHADCOR HOLDINGS NM- RETAIL,1621 Appaloosa Dr,Sunland Park,NM,88063,"$10,980.51","$250,379.12","$261,359.63",February,2026,
DIABLO BUDS GROW 1 LLC - APPALOOSA STE 6,1925 Appaloosa Ste 6,Sunland Park,NM,88063,$36.01,"$3,823.03","$3,859.04",February,2026,
DISPENSARY NEAR ME SUNLAND PARK LLC- MCNUTT RETAIL/CONSUMPTION,1290 McNutt Rd,Sunland Park,NM,88063,"$3,852.91","$60,381.19","$64,234.10",February,2026,
EVEREST APOTHECARY,1580 Appaloosa Dr Ste 320,Sunland Park,NM,88063,"$4,240.92","$63,667.05","$67,907.97",February,2026,
FIELDS OF DREAMS - SUNLAND PARK RETAIL,159 Sunland Park Dr,Sunland Park,NM,88063,"$12,587.10","$1,062,564.91","$1,075,152.01",February,2026,
FRESHIES LLC/ RETAIL MCNUTT RD,5325 McNutt Rd,Santa Teresa,NM,88008,"$3,954.05","$34,192.70","$38,146.75",February,2026,
GANJIKA GARDENS LLC/ RETAIL RILEY WAY,1245 Riley Way,Chaparral,NM,88081,$958.52,"$17,248.56","$18,207.08",February,2026,
GARDEN OF DREAMS CANNABIS LLC,5300 Mcnutt Rd,Santa Teresa,NM,88008,"$2,127.32","$27,512.76","$29,640.08",February,2026,
"GREEN LABS CANNABIS COMPANY, LLC- DERBY RD RETAIL",245 Derby Rd,Sunland Park,NM,88063,$51.70,"$6,502.49","$6,554.19",February,2026,
"GREEN THERAPY DISPENSARY, LLC","460 County Line Drive, Space F",Chaparral,NM,88081,"$26,888.00","$435,154.00","$462,042.00",February,2026,
GROTH INDUSTRIES LLC - SCHNEBERGER DR RETIAL,140 Schneberger Dr,Chaparral,NM,88081,"$2,239.25","$31,914.51","$34,153.76",February,2026,
HI LIFE DISPENSARY LLC - MCNUTT RD - RETAIL,5620 McNutt Rd,Santa Teresa,NM,88008,"$7,965.24","$51,718.23","$59,683.47",February,2026,
HOUSE OF FLOWERS ON THE BORDER LLC - RETAIL,1042 State Line,Chapparal,NM,88081,"$4,920.95","$85,517.90","$90,438.85",February,2026,
J AND J LOAN COMPANY- MCNUTT RETAIL,1144 McNutt,Sunland Park,NM,88063,$544.43,"$44,989.64","$45,534.07",February,2026,
"KUSHOLOGY 101 LLC - OHARA RD, RETAIL",1600 E OHara Rd,Anthony,NM,88021,$426.41,"$10,983.69","$11,410.10",February,2026,
MCMC - MILLER - RETAILER,103 Miller Street,Anthony,NM,88021,$938.13,"$4,651.27","$5,589.40",February,2026,
MEDD LLC - PALOMA BLANCA RETAIL,170 McCombs,Chaparral,NM,88081,"$1,189.34","$45,110.59","$46,299.93",February,2026,
"NEBRO, LLC",1999 Futurity Drive Unit A,Sunland Park,NM,88063,"$1,681.00","$63,233.21","$64,914.21",February,2026,
NEWBERRY FARMS LLC - MCNUTT RD. RETAIL,1845 McNutt Rd,Sunland Park,NM,88063,$761.83,"$5,500.56","$6,262.39",February,2026,
NEW MEXICO TOP ORGANICS ULTRA HEALTH INC  SUNLAND PARK RETAIL,1155 McNutt Road,Sunland Park,NM,88063,"$3,904.78","$24,873.28","$28,778.06",February,2026,
NUVES LLC - RANCH ROAD RETAIL,101 Maguey Suite 4,Sunland Park,NM,88063,$85.26,"$23,128.56","$23,213.82",February,2026,
OBI WAN CANNABIS LLC,2167 McNutt Rd suite A,Sunland Park,NM,88063,"$1,182.34","$13,980.12","$15,162.46",February,2026,
OLD GODS CANNABIS INC/ RETAIL APPALOOSA UNIT7,1541 Appaloosa Unit 7,Sunland Park,NM,88063,"$3,358.00","$119,253.45","$122,611.45",February,2026,
PECOS VALLEY PRODUCTION INC - APPALOOSA DR RETAIL,1925 Appaloosa Dr,Sunland Park,NM,88063,"$2,107.79","$33,600.99","$35,708.78",February,2026,
PROHIBITION 37 - MCNUTT RD RETAIL,871 McNutt Rd,Sunland Park,NM,88063,"$12,062.35","$93,086.67","$105,149.02",February,2026,
PURLIFE - 900 COUNTRY CLUB RD RETAIL,900 Country Club Rd,Sunland Park,NM,88008,"$7,432.00","$68,580.00","$76,012.00",February,2026,
"R GREENLEAF ORGANICS INC/ RETAIL APPALOOSA UNIT 1,2","1541 Appaloosas Unit 1, 2, Crossing Offices",Sunland Park,NM,88063,"$5,650.53","$84,659.24","$90,309.77",February,2026,
RH AND MC LLC - MILLER ST RETAIL,103 Miller St,Anthony,NM,88021,"$2,303.90","$14,020.98","$16,324.88",February,2026,
"RMC NM, INC - ANTHONY RETAIL",816 Anthony Dr,Anthony,NM,88021,"$13,186.64","$56,095.38","$69,282.02",February,2026,
"ROUND HOUSE RESERVE, LLC - MCNUTT DR RETAIL",1165 McNutt Dr Unit C5,Sunland Park,NM,88063,$936.03,"$13,644.14","$14,580.17",February,2026,
R R HEMPIRE LLC - ANGELINA BLVD RETAIL,101 Angelina Blvd,Chaparral,NM,88081,$8.36,"$2,921.76","$2,930.12",February,2026,
SCORE 420 - MCNUTT RETAIL,2355 McNutt Road,Sunland Park,NM,88063,"$3,335.24","$43,737.37","$47,072.61",February,2026,
STATELINE CANNABIS NM LLC - ARCH ANGEL WAY RETAILER/CONSUMPTION,100 Arch Angel Way,Chaparral,NM,88081,"$3,346.58","$190,953.51","$194,300.09",February,2026,
STATELINE CANNABIS NM LLC- STEPHANIE RETAIL,101 Stephanie,Chaparral,NM,88081,$644.18,"$14,025.70","$14,669.88",February,2026,
ST CANAPA LLC - MCNUTT RD RETAIL,5305 McNutt Rd,Santa Teresa,NM,88008,$132.83,"$11,874.09","$12,006.92",February,2026,
SUNLAND MCNUTT GROUP LLC- MCNUTT RD RETAIL,1051 McNutt Rd,Sunland Park,NM,88063,"$42,672.73","$1,065,005.25","$1,107,677.98",February,2026,
SUNSHINE ESSENTIALS/ RETAIL MCNUTT,267 Anapra Rd,Sunland Park,NM,88063,$658.08,"$3,790.93","$4,449.01",February,2026,
TOKE IT UP DISPENSARY AND LOUNGE LLC- FUTURITY DRIVE RETAIL,1999 Futurity Drive,Sunland Park,NM,88063,"$1,001.78","$15,771.81","$16,773.59",February,2026,
TOP OF THE 8TH LLC - ANTHONY DRIVE RETAIL,401 Anthony Dr Ste B,Anthony,NM,88021,"$12,727.66","$63,716.14","$76,443.80",February,2026,
URBAN WELLNESS - APPALOOSA DR RETAILER,1500 Appaloosa Dr Bldg A Ste 140,Sunland Park,NM,88063,"$5,350.43","$87,190.63","$92,541.06",February,2026,
,,,,,"$305,560.05","$6,257,432.75","$6,562,992.80",February,2026,
Licensee,Address,City,State,Zip,Medical Sales,Adult-Use Sales,Total Sales,,Year,DBA
575 CANNABIS LLC- RETAIL 305 S COUNTY LINE,305 S County Line Dr,Chaparral,NM,88081,$944.04,"$2,545.08","$3,489.12",March ,2026,Uforia 
APOGEE THERAPEUTICS LLC - RETAIL,1769 Victory Ln,Sunland Park,NM,88063,"$1,304.32","$31,972.60","$33,276.92",March ,2026,Apogee Dispensary
AREA 54 DISPENSARY LLC- ANGELINA BLVD RETAIL,764 Angelina blvd,Chaparral,NM,88081,"$4,486.18","$22,911.93","$27,398.11",March ,2026,Area 54
ASTRO BUDS LLC - APPALOOSA DRIVE CONSUMPTION / RETAIL,1650 Appaloosa Drive,Sunland Park,NM,88063,"$12,129.70","$265,598.08","$277,727.78",March ,2026,Astro Buds Consumption Lounge & Grill
ASTRO BUDS LLC - MCCOMBS RD RETAIL,308 McCombs Rd Spc 2,Chaparral,NM,88081,"$8,233.24","$124,035.96","$132,269.20",March ,2026,Astro Buds Dispensary
BESOS LLC/ RETAIL FUTURITY DR,1805 Futurity Dr,Sunland Park,NM,88603,"$1,605.50","$39,470.47","$41,075.97",March ,2026,Besos
BLUE WHALE SUNLAND - APPALOOSA ST RETAIL,1500 Appaloosa St Suite B,Sunland Park,NM,88063,"$51,666.88","$679,920.68","$731,587.56",March ,2026,Cookies
"CHADCOR HOLDINGS NM, LLC",1615 Appaloosa Dr,Sunland Park,NM,88063,"$32,635.59","$910,454.09","$943,089.68",March ,2026,Dark Matter
CHADCOR HOLDINGS NM- RETAIL,1621 Appaloosa Dr,Sunland Park,NM,88063,"$12,477.57","$280,033.28","$292,510.85",March ,2026,Top Crop
DIABLO BUDS GROW 1 LLC - APPALOOSA STE 6,1925 Appaloosa Ste 6,Sunland Park,NM,88063,$6.00,"$8,842.69","$8,848.69",March ,2026,Black Sheep
DISPENSARY NEAR ME SUNLAND PARK LLC- MCNUTT RETAIL/CONSUMPTION,1290 McNutt Rd,Sunland Park,NM,88063,"$3,052.33","$64,607.86","$67,660.19",March ,2026,Dispensary Near Me
EVEREST APOTHECARY,1580 Appaloosa Dr Ste 320,Sunland Park,NM,88063,"$4,170.63","$56,226.02","$60,396.65",March ,2026,Everest
FIELDS OF DREAMS - SUNLAND PARK RETAIL,159 Sunland Park Dr,Sunland Park,NM,88063,"$12,784.54","$1,137,337.65","$1,150,122.19",March ,2026,Field of Dreams
FRESHIES LLC/ RETAIL MCNUTT RD,5325 McNutt Rd,Santa Teresa,NM,88008,"$2,622.30","$43,550.04","$46,172.34",March ,2026,Public Affair
GANJIKA GARDENS LLC/ RETAIL RILEY WAY,1245 Riley Way,Chaparral,NM,88081,"$1,516.16","$17,207.22","$18,723.38",March ,2026,Ganjika Gardens
GARDEN OF DREAMS CANNABIS LLC,5300 Mcnutt Rd,Santa Teresa,NM,88008,"$3,165.90","$31,054.37","$34,220.27",March ,2026,Garden of Dreams
"GREEN THERAPY DISPENSARY, LLC","460 County Line Drive, Space F",Chaparral,NM,88081,"$26,378.00","$483,364.00","$509,742.00",March ,2026,Green Therapy
GROTH INDUSTRIES LLC - SCHNEBERGER DR RETIAL,140 Schneberger Dr,Chaparral,NM,88081,"$2,580.72","$27,865.75","$30,446.47",March ,2026,Groth 
HI LIFE DISPENSARY LLC - MCNUTT RD - RETAIL,5620 McNutt Rd,Santa Teresa,NM,88008,"$12,009.93","$61,553.20","$73,563.13",March ,2026,Hi Life
HOUSE OF FLOWERS ON THE BORDER LLC - RETAIL,1042 State Line,Chapparal,NM,88081,"$6,995.68","$92,292.53","$99,288.21",March ,2026,House of Flowers
J AND J LOAN COMPANY- MCNUTT RETAIL,1144 McNutt,Sunland Park,NM,88063,$323.00,"$47,474.49","$47,797.49",March ,2026,Empire Garden
"KUSHOLOGY 101 LLC - OHARA RD, RETAIL",1600 E OHara Rd,Anthony,NM,88021,$272.17,"$11,717.56","$11,989.73",March ,2026,Kushology
MCMC - MILLER - RETAILER,103 Miller Street,Anthony,NM,88021,"$3,191.73","$23,476.61","$26,668.34",March ,2026,Milla Cero
MEDD LLC - PALOMA BLANCA RETAIL,170 McCombs,Chaparral,NM,88081,$358.60,"$25,986.40","$26,345.00",March ,2026,Pure Medd
"NEBRO, LLC",1999 Futurity Drive Unit A,Sunland Park,NM,88063,"$1,548.00","$74,321.33","$75,869.33",March ,2026,Elevation 3789
NEWBERRY FARMS LLC - MCNUTT RD. RETAIL,1845 McNutt Rd,Sunland Park,NM,88063,"$1,732.00","$9,114.56","$10,846.56",March ,2026,Sun City Grow Stand
NEW MEXICO TOP ORGANICS ULTRA HEALTH INC  SUNLAND PARK RETAIL,1155 McNutt Road,Sunland Park,NM,88063,"$4,291.00","$25,677.19","$29,968.19",March ,2026,Ultra Health
NUVES LLC - RANCH ROAD RETAIL,101 Maguey Suite 4,Sunland Park,NM,88063,$59.00,"$22,455.46","$22,514.46",March ,2026,Greens
OBI WAN CANNABIS LLC,2167 McNutt Rd suite A,Sunland Park,NM,88063,"$1,590.38","$18,179.17","$19,769.55",March ,2026,Obi Wan Cannabis
OLD GODS CANNABIS INC/ RETAIL APPALOOSA UNIT7,1541 Appaloosa Unit 7,Sunland Park,NM,88063,"$4,020.00","$125,708.88","$129,728.88",March ,2026,Old Gods
PECOS VALLEY PRODUCTION INC - APPALOOSA DR RETAIL,1925 Appaloosa Dr,Sunland Park,NM,88063,"$2,094.46","$34,825.67","$36,920.13",March ,2026,Score 420
PROHIBITION 37 - MCNUTT RD RETAIL,871 McNutt Rd,Sunland Park,NM,88063,"$14,341.67","$105,957.34","$120,299.01",March ,2026,Prohibition 37
PURLIFE - 900 COUNTRY CLUB RD RETAIL,900 Country Club Rd,Sunland Park,NM,88008,"$3,379.00","$43,311.50","$46,690.50",March ,2026,Purlife
"R GREENLEAF ORGANICS INC/ RETAIL APPALOOSA UNIT 1,2","1541 Appaloosas Unit 1, 2, Crossing Offices",Sunland Park,NM,88063,"$4,465.63","$69,652.27","$74,117.90",March ,2026,R. Greenleaf
"RMC NM, INC - ANTHONY RETAIL",816 Anthony Dr,Anthony,NM,88021,"$13,326.81","$62,259.95","$75,586.76",March ,2026,Rocky Mountain Cannabis
"ROUND HOUSE RESERVE, LLC - MCNUTT DR RETAIL",1165 McNutt Dr Unit C5,Sunland Park,NM,88063,$964.78,"$13,523.01","$14,487.79",March ,2026,Round House Reserve
R R HEMPIRE LLC - ANGELINA BLVD RETAIL,101 Angelina Blvd,Chaparral,NM,88081,$26.76,"$2,369.04","$2,395.80",March ,2026,Richy Rich
SCORE 420 - MCNUTT RETAIL,2355 McNutt Road,Sunland Park,NM,88063,"$2,464.15","$35,111.88","$37,576.03",March ,2026,Score 420 - McNutt
STATELINE CANNABIS NM LLC - ARCH ANGEL WAY RETAILER/CONSUMPTION,100 Arch Angel Way,Chaparral,NM,88081,"$3,232.62","$211,554.50","$214,787.12",March ,2026,High Valley Cannabis
STATELINE CANNABIS NM LLC- STEPHANIE RETAIL,101 Stephanie,Chaparral,NM,88081,"$1,120.53","$23,439.66","$24,560.19",March ,2026,Stateline Cannabis
ST CANAPA LLC - MCNUTT RD RETAIL,5305 McNutt Rd,Santa Teresa,NM,88008,$89.63,"$3,586.79","$3,676.42",March ,2026,St Canapa
SUNLAND MCNUTT GROUP LLC- MCNUTT RD RETAIL,1051 McNutt Rd,Sunland Park,NM,88063,"$39,462.84","$1,164,850.06","$1,204,312.91",March ,2026,Mango Cannabis
SUNSHINE ESSENTIALS/ RETAIL MCNUTT,267 Anapra Rd,Sunland Park,NM,88063,$954.01,"$3,913.40","$4,867.42",March ,2026,Sunshine Essentials
TOKE IT UP DISPENSARY AND LOUNGE LLC- FUTURITY DRIVE RETAIL,1999 Futurity Drive,Sunland Park,NM,88063,$598.65,"$17,268.75","$17,867.40",March ,2026,Toke It Up
TOP OF THE 8TH LLC - ANTHONY DRIVE RETAIL,401 Anthony Dr Ste B,Anthony,NM,88021,"$11,922.32","$65,039.17","$76,961.49",March ,2026,Top of the Eighth
URBAN WELLNESS - APPALOOSA DR RETAILER,1500 Appaloosa Dr Bldg A Ste 140,Sunland Park,NM,88063,"$5,157.24","$96,220.57","$101,377.81",March ,2026,Urban Wellness
VIREO HEALTH OF LC - APPALOOSA - RETAILER,"1580 Appaloosa Dr., Suite 320",Sunland Park,NM,88063,$685.20,"$10,900.75","$11,585.95",March ,2026,Everest
VIREO OF SANTA FE - APPALOOSA - RETAIL,"1541 Appaloosa Dr., Unit 2",Sunland Park,NM,88063,$797.66,"$14,656.98","$15,454.64",March ,2026,R. Greenleaf
,,,,,"$323,239.89","$6,743,406.34","$7,066,646.25",March ,2026,